event_date,event_name,has_deal_category,account_id,event_count,unique_users
NULL,create_deal,PIPELINE,NULL,8,8
NULL,create_deal,PIPELINE,account_1,9,9
NULL,create_deal,PIPELINE,account_10,9,9
NULL,create_deal,PIPELINE,account_100,5,5
NULL,create_deal,PIPELINE,account_102,10,10
NULL,create_deal,PIPELINE,account_103,7,5
NULL,create_deal,PIPELINE,account_104,4,4
NULL,create_deal,PIPELINE,account_105,10,9
NULL,create_deal,PIPELINE,account_106,8,7
NULL,create_deal,PIPELINE,account_107,6,6
NULL,create_deal,PIPELINE,account_108,7,6
NULL,create_deal,PIPELINE,account_109,5,5
NULL,create_deal,PIPELINE,account_11,12,10
NULL,create_deal,PIPELINE,account_110,7,6
NULL,create_deal,PIPELINE,account_111,3,3
NULL,create_deal,PIPELINE,account_112,9,9
NULL,create_deal,PIPELINE,account_113,9,8
NULL,create_deal,PIPELINE,account_114,7,7
NULL,create_deal,PIPELINE,account_115,12,9
NULL,create_deal,PIPELINE,account_116,8,8
NULL,create_deal,PIPELINE,account_117,4,4
NULL,create_deal,PIPELINE,account_118,13,11
NULL,create_deal,PIPELINE,account_119,8,8
NULL,create_deal,PIPELINE,account_12,7,6
NULL,create_deal,PIPELINE,account_120,7,6
NULL,create_deal,PIPELINE,account_13,11,9
NULL,create_deal,PIPELINE,account_14,5,5
NULL,create_deal,PIPELINE,account_15,11,11
NULL,create_deal,PIPELINE,account_16,13,11
NULL,create_deal,PIPELINE,account_17,3,3
NULL,create_deal,PIPELINE,account_18,7,6
NULL,create_deal,PIPELINE,account_19,4,4
NULL,create_deal,PIPELINE,account_2,4,3
NULL,create_deal,PIPELINE,account_20,7,5
NULL,create_deal,PIPELINE,account_21,12,10
NULL,create_deal,PIPELINE,account_22,10,10
NULL,create_deal,PIPELINE,account_23,9,9
NULL,create_deal,PIPELINE,account_24,6,6
NULL,create_deal,PIPELINE,account_25,6,5
NULL,create_deal,PIPELINE,account_26,6,6
NULL,create_deal,PIPELINE,account_27,8,7
NULL,create_deal,PIPELINE,account_28,6,6
NULL,create_deal,PIPELINE,account_29,15,15
NULL,create_deal,PIPELINE,account_3,9,9
NULL,create_deal,PIPELINE,account_30,5,5
NULL,create_deal,PIPELINE,account_31,12,10
NULL,create_deal,PIPELINE,account_32,9,8
NULL,create_deal,PIPELINE,account_33,3,3
NULL,create_deal,PIPELINE,account_34,9,8
NULL,create_deal,PIPELINE,account_35,7,5
NULL,create_deal,PIPELINE,account_36,11,10
NULL,create_deal,PIPELINE,account_37,7,7
NULL,create_deal,PIPELINE,account_38,8,7
NULL,create_deal,PIPELINE,account_39,6,5
NULL,create_deal,PIPELINE,account_4,13,12
NULL,create_deal,PIPELINE,account_40,11,10
NULL,create_deal,PIPELINE,account_41,9,8
NULL,create_deal,PIPELINE,account_42,6,6
NULL,create_deal,PIPELINE,account_43,6,5
NULL,create_deal,PIPELINE,account_44,10,9
NULL,create_deal,PIPELINE,account_45,7,6
NULL,create_deal,PIPELINE,account_46,10,10
NULL,create_deal,PIPELINE,account_47,12,12
NULL,create_deal,PIPELINE,account_48,6,6
NULL,create_deal,PIPELINE,account_49,11,8
NULL,create_deal,PIPELINE,account_5,8,7
NULL,create_deal,PIPELINE,account_50,3,3
NULL,create_deal,PIPELINE,account_51,9,8
NULL,create_deal,PIPELINE,account_52,7,6
NULL,create_deal,PIPELINE,account_53,10,10
NULL,create_deal,PIPELINE,account_54,7,7
NULL,create_deal,PIPELINE,account_55,6,6
NULL,create_deal,PIPELINE,account_56,9,9
NULL,create_deal,PIPELINE,account_57,4,3
NULL,create_deal,PIPELINE,account_58,3,3
NULL,create_deal,PIPELINE,account_59,9,9
NULL,create_deal,PIPELINE,account_6,7,7
NULL,create_deal,PIPELINE,account_60,7,7
NULL,create_deal,PIPELINE,account_61,6,6
NULL,create_deal,PIPELINE,account_62,7,6
NULL,create_deal,PIPELINE,account_63,9,7
NULL,create_deal,PIPELINE,account_64,5,5
NULL,create_deal,PIPELINE,account_65,8,5
NULL,create_deal,PIPELINE,account_66,9,8
NULL,create_deal,PIPELINE,account_67,4,4
NULL,create_deal,PIPELINE,account_68,7,7
NULL,create_deal,PIPELINE,account_69,8,8
NULL,create_deal,PIPELINE,account_7,10,9
NULL,create_deal,PIPELINE,account_70,6,6
NULL,create_deal,PIPELINE,account_71,8,7
NULL,create_deal,PIPELINE,account_72,7,7
NULL,create_deal,PIPELINE,account_73,10,8
NULL,create_deal,PIPELINE,account_74,8,6
NULL,create_deal,PIPELINE,account_75,5,3
NULL,create_deal,PIPELINE,account_76,8,8
NULL,create_deal,PIPELINE,account_77,9,7
NULL,create_deal,PIPELINE,account_78,5,5
NULL,create_deal,PIPELINE,account_79,14,12
NULL,create_deal,PIPELINE,account_8,4,4
NULL,create_deal,PIPELINE,account_80,8,7
NULL,create_deal,PIPELINE,account_81,11,11
NULL,create_deal,PIPELINE,account_82,7,5
NULL,create_deal,PIPELINE,account_83,5,5
NULL,create_deal,PIPELINE,account_84,7,7
NULL,create_deal,PIPELINE,account_85,5,4
NULL,create_deal,PIPELINE,account_86,13,13
NULL,create_deal,PIPELINE,account_87,10,7
NULL,create_deal,PIPELINE,account_88,11,10
NULL,create_deal,PIPELINE,account_89,9,7
NULL,create_deal,PIPELINE,account_9,8,7
NULL,create_deal,PIPELINE,account_90,9,7
NULL,create_deal,PIPELINE,account_91,14,12
NULL,create_deal,PIPELINE,account_92,9,7
NULL,create_deal,PIPELINE,account_93,12,10
NULL,create_deal,PIPELINE,account_94,4,4
NULL,create_deal,PIPELINE,account_95,16,14
NULL,create_deal,PIPELINE,account_96,8,8
NULL,create_deal,PIPELINE,account_97,7,6
NULL,create_deal,PIPELINE,account_98,10,9
NULL,create_deal,PIPELINE,account_99,5,5
NULL,enable_automation,AUTOMATION,NULL,8,8
NULL,enable_automation,AUTOMATION,account_1,11,10
NULL,enable_automation,AUTOMATION,account_10,7,6
NULL,enable_automation,AUTOMATION,account_100,9,9
NULL,enable_automation,AUTOMATION,account_101,8,8
NULL,enable_automation,AUTOMATION,account_102,12,11
NULL,enable_automation,AUTOMATION,account_103,8,6
NULL,enable_automation,AUTOMATION,account_104,9,8
NULL,enable_automation,AUTOMATION,account_105,6,6
NULL,enable_automation,AUTOMATION,account_106,8,8
NULL,enable_automation,AUTOMATION,account_107,11,11
NULL,enable_automation,AUTOMATION,account_108,6,5
NULL,enable_automation,AUTOMATION,account_109,12,11
NULL,enable_automation,AUTOMATION,account_11,10,8
NULL,enable_automation,AUTOMATION,account_110,8,8
NULL,enable_automation,AUTOMATION,account_111,7,6
NULL,enable_automation,AUTOMATION,account_112,7,6
NULL,enable_automation,AUTOMATION,account_113,10,7
NULL,enable_automation,AUTOMATION,account_114,7,7
NULL,enable_automation,AUTOMATION,account_115,10,9
NULL,enable_automation,AUTOMATION,account_116,8,7
NULL,enable_automation,AUTOMATION,account_117,10,6
NULL,enable_automation,AUTOMATION,account_118,6,6
NULL,enable_automation,AUTOMATION,account_119,6,6
NULL,enable_automation,AUTOMATION,account_12,10,10
NULL,enable_automation,AUTOMATION,account_120,11,9
NULL,enable_automation,AUTOMATION,account_13,8,8
NULL,enable_automation,AUTOMATION,account_14,9,9
NULL,enable_automation,AUTOMATION,account_15,8,8
NULL,enable_automation,AUTOMATION,account_16,7,6
NULL,enable_automation,AUTOMATION,account_17,12,11
NULL,enable_automation,AUTOMATION,account_18,9,8
NULL,enable_automation,AUTOMATION,account_19,9,7
NULL,enable_automation,AUTOMATION,account_2,8,7
NULL,enable_automation,AUTOMATION,account_20,7,7
NULL,enable_automation,AUTOMATION,account_21,2,2
NULL,enable_automation,AUTOMATION,account_22,7,7
NULL,enable_automation,AUTOMATION,account_23,6,6
NULL,enable_automation,AUTOMATION,account_24,10,9
NULL,enable_automation,AUTOMATION,account_25,12,11
NULL,enable_automation,AUTOMATION,account_26,6,5
NULL,enable_automation,AUTOMATION,account_27,6,5
NULL,enable_automation,AUTOMATION,account_28,7,7
NULL,enable_automation,AUTOMATION,account_29,10,9
NULL,enable_automation,AUTOMATION,account_3,6,6
NULL,enable_automation,AUTOMATION,account_30,11,10
NULL,enable_automation,AUTOMATION,account_31,7,7
NULL,enable_automation,AUTOMATION,account_32,8,7
NULL,enable_automation,AUTOMATION,account_33,8,8
NULL,enable_automation,AUTOMATION,account_34,14,10
NULL,enable_automation,AUTOMATION,account_35,8,8
NULL,enable_automation,AUTOMATION,account_36,2,2
NULL,enable_automation,AUTOMATION,account_37,10,9
NULL,enable_automation,AUTOMATION,account_38,6,5
NULL,enable_automation,AUTOMATION,account_39,8,8
NULL,enable_automation,AUTOMATION,account_4,10,8
NULL,enable_automation,AUTOMATION,account_40,10,9
NULL,enable_automation,AUTOMATION,account_41,13,11
NULL,enable_automation,AUTOMATION,account_42,8,7
NULL,enable_automation,AUTOMATION,account_43,7,6
NULL,enable_automation,AUTOMATION,account_44,8,7
NULL,enable_automation,AUTOMATION,account_45,11,9
NULL,enable_automation,AUTOMATION,account_46,12,11
NULL,enable_automation,AUTOMATION,account_47,11,11
NULL,enable_automation,AUTOMATION,account_48,5,5
NULL,enable_automation,AUTOMATION,account_49,13,10
NULL,enable_automation,AUTOMATION,account_5,11,10
NULL,enable_automation,AUTOMATION,account_50,11,9
NULL,enable_automation,AUTOMATION,account_51,9,8
NULL,enable_automation,AUTOMATION,account_52,6,6
NULL,enable_automation,AUTOMATION,account_53,3,3
NULL,enable_automation,AUTOMATION,account_54,7,7
NULL,enable_automation,AUTOMATION,account_55,10,9
NULL,enable_automation,AUTOMATION,account_56,8,7
NULL,enable_automation,AUTOMATION,account_57,4,3
NULL,enable_automation,AUTOMATION,account_58,7,5
NULL,enable_automation,AUTOMATION,account_59,10,8
NULL,enable_automation,AUTOMATION,account_6,11,8
NULL,enable_automation,AUTOMATION,account_60,5,4
NULL,enable_automation,AUTOMATION,account_61,3,3
NULL,enable_automation,AUTOMATION,account_62,6,6
NULL,enable_automation,AUTOMATION,account_63,13,11
NULL,enable_automation,AUTOMATION,account_64,7,6
NULL,enable_automation,AUTOMATION,account_65,5,5
NULL,enable_automation,AUTOMATION,account_66,7,6
NULL,enable_automation,AUTOMATION,account_67,4,4
NULL,enable_automation,AUTOMATION,account_68,15,12
NULL,enable_automation,AUTOMATION,account_69,11,8
NULL,enable_automation,AUTOMATION,account_7,7,6
NULL,enable_automation,AUTOMATION,account_70,3,3
NULL,enable_automation,AUTOMATION,account_71,6,6
NULL,enable_automation,AUTOMATION,account_72,4,3
NULL,enable_automation,AUTOMATION,account_73,5,5
NULL,enable_automation,AUTOMATION,account_74,14,13
NULL,enable_automation,AUTOMATION,account_75,9,7
NULL,enable_automation,AUTOMATION,account_76,10,8
NULL,enable_automation,AUTOMATION,account_77,9,7
NULL,enable_automation,AUTOMATION,account_78,9,9
NULL,enable_automation,AUTOMATION,account_79,6,6
NULL,enable_automation,AUTOMATION,account_8,14,14
NULL,enable_automation,AUTOMATION,account_80,8,5
NULL,enable_automation,AUTOMATION,account_81,8,6
NULL,enable_automation,AUTOMATION,account_82,7,7
NULL,enable_automation,AUTOMATION,account_83,10,8
NULL,enable_automation,AUTOMATION,account_84,9,8
NULL,enable_automation,AUTOMATION,account_85,10,10
NULL,enable_automation,AUTOMATION,account_86,4,4
NULL,enable_automation,AUTOMATION,account_87,11,11
NULL,enable_automation,AUTOMATION,account_88,10,10
NULL,enable_automation,AUTOMATION,account_89,7,7
NULL,enable_automation,AUTOMATION,account_9,11,10
NULL,enable_automation,AUTOMATION,account_90,6,5
NULL,enable_automation,AUTOMATION,account_91,15,12
NULL,enable_automation,AUTOMATION,account_92,5,4
NULL,enable_automation,AUTOMATION,account_93,13,11
NULL,enable_automation,AUTOMATION,account_94,8,8
NULL,enable_automation,AUTOMATION,account_95,10,9
NULL,enable_automation,AUTOMATION,account_96,6,6
NULL,enable_automation,AUTOMATION,account_97,9,8
NULL,enable_automation,AUTOMATION,account_98,7,7
NULL,enable_automation,AUTOMATION,account_99,12,10
NULL,invite_user,OTHER,NULL,5,5
NULL,invite_user,OTHER,account_1,2,2
NULL,invite_user,OTHER,account_10,1,1
NULL,invite_user,OTHER,account_101,3,3
NULL,invite_user,OTHER,account_102,2,2
NULL,invite_user,OTHER,account_103,2,2
NULL,invite_user,OTHER,account_104,1,1
NULL,invite_user,OTHER,account_106,2,2
NULL,invite_user,OTHER,account_107,2,2
NULL,invite_user,OTHER,account_108,2,1
NULL,invite_user,OTHER,account_109,2,2
NULL,invite_user,OTHER,account_11,2,2
NULL,invite_user,OTHER,account_110,2,2
NULL,invite_user,OTHER,account_111,5,4
NULL,invite_user,OTHER,account_112,1,1
NULL,invite_user,OTHER,account_113,3,3
NULL,invite_user,OTHER,account_114,2,2
NULL,invite_user,OTHER,account_115,3,3
NULL,invite_user,OTHER,account_116,3,3
NULL,invite_user,OTHER,account_117,3,3
NULL,invite_user,OTHER,account_118,3,3
NULL,invite_user,OTHER,account_12,1,1
NULL,invite_user,OTHER,account_120,3,3
NULL,invite_user,OTHER,account_14,5,5
NULL,invite_user,OTHER,account_15,4,4
NULL,invite_user,OTHER,account_16,5,5
NULL,invite_user,OTHER,account_17,2,2
NULL,invite_user,OTHER,account_18,3,3
NULL,invite_user,OTHER,account_19,2,2
NULL,invite_user,OTHER,account_2,3,2
NULL,invite_user,OTHER,account_20,5,5
NULL,invite_user,OTHER,account_21,6,6
NULL,invite_user,OTHER,account_22,2,2
NULL,invite_user,OTHER,account_23,1,1
NULL,invite_user,OTHER,account_24,4,4
NULL,invite_user,OTHER,account_25,3,3
NULL,invite_user,OTHER,account_26,3,3
NULL,invite_user,OTHER,account_27,5,5
NULL,invite_user,OTHER,account_28,7,6
NULL,invite_user,OTHER,account_29,2,2
NULL,invite_user,OTHER,account_3,1,1
NULL,invite_user,OTHER,account_30,2,2
NULL,invite_user,OTHER,account_31,1,1
NULL,invite_user,OTHER,account_32,1,1
NULL,invite_user,OTHER,account_33,2,2
NULL,invite_user,OTHER,account_34,6,6
NULL,invite_user,OTHER,account_36,2,2
NULL,invite_user,OTHER,account_37,3,3
NULL,invite_user,OTHER,account_38,1,1
NULL,invite_user,OTHER,account_39,1,1
NULL,invite_user,OTHER,account_4,4,4
NULL,invite_user,OTHER,account_40,3,3
NULL,invite_user,OTHER,account_41,5,5
NULL,invite_user,OTHER,account_42,2,2
NULL,invite_user,OTHER,account_43,5,4
NULL,invite_user,OTHER,account_44,2,2
NULL,invite_user,OTHER,account_45,2,2
NULL,invite_user,OTHER,account_46,2,2
NULL,invite_user,OTHER,account_47,2,2
NULL,invite_user,OTHER,account_48,8,6
NULL,invite_user,OTHER,account_49,1,1
NULL,invite_user,OTHER,account_5,4,4
NULL,invite_user,OTHER,account_50,5,4
NULL,invite_user,OTHER,account_51,1,1
NULL,invite_user,OTHER,account_52,2,2
NULL,invite_user,OTHER,account_53,2,2
NULL,invite_user,OTHER,account_54,3,3
NULL,invite_user,OTHER,account_55,2,2
NULL,invite_user,OTHER,account_56,1,1
NULL,invite_user,OTHER,account_57,3,3
NULL,invite_user,OTHER,account_59,3,2
NULL,invite_user,OTHER,account_6,2,2
NULL,invite_user,OTHER,account_60,4,4
NULL,invite_user,OTHER,account_61,1,1
NULL,invite_user,OTHER,account_62,3,3
NULL,invite_user,OTHER,account_63,4,4
NULL,invite_user,OTHER,account_65,2,2
NULL,invite_user,OTHER,account_66,2,2
NULL,invite_user,OTHER,account_67,4,4
NULL,invite_user,OTHER,account_68,5,5
NULL,invite_user,OTHER,account_69,2,2
NULL,invite_user,OTHER,account_7,2,2
NULL,invite_user,OTHER,account_70,1,1
NULL,invite_user,OTHER,account_71,4,3
NULL,invite_user,OTHER,account_72,1,1
NULL,invite_user,OTHER,account_73,6,6
NULL,invite_user,OTHER,account_75,3,3
NULL,invite_user,OTHER,account_76,3,2
NULL,invite_user,OTHER,account_77,2,2
NULL,invite_user,OTHER,account_79,4,4
NULL,invite_user,OTHER,account_8,6,5
NULL,invite_user,OTHER,account_80,1,1
NULL,invite_user,OTHER,account_81,3,3
NULL,invite_user,OTHER,account_82,6,5
NULL,invite_user,OTHER,account_83,1,1
NULL,invite_user,OTHER,account_84,8,7
NULL,invite_user,OTHER,account_85,8,8
NULL,invite_user,OTHER,account_86,1,1
NULL,invite_user,OTHER,account_87,6,6
NULL,invite_user,OTHER,account_88,4,3
NULL,invite_user,OTHER,account_89,6,6
NULL,invite_user,OTHER,account_9,1,1
NULL,invite_user,OTHER,account_90,4,3
NULL,invite_user,OTHER,account_91,7,7
NULL,invite_user,OTHER,account_92,5,4
NULL,invite_user,OTHER,account_94,3,3
NULL,invite_user,OTHER,account_95,6,5
NULL,invite_user,OTHER,account_96,4,4
NULL,invite_user,OTHER,account_97,3,3
NULL,invite_user,OTHER,account_98,4,2
NULL,invite_user,OTHER,account_99,4,3
NULL,log_activity,ACTIVITY,NULL,18,18
NULL,log_activity,ACTIVITY,account_1,7,7
NULL,log_activity,ACTIVITY,account_10,7,6
NULL,log_activity,ACTIVITY,account_100,5,5
NULL,log_activity,ACTIVITY,account_101,9,9
NULL,log_activity,ACTIVITY,account_102,6,5
NULL,log_activity,ACTIVITY,account_103,10,10
NULL,log_activity,ACTIVITY,account_104,2,2
NULL,log_activity,ACTIVITY,account_105,12,11
NULL,log_activity,ACTIVITY,account_106,12,11
NULL,log_activity,ACTIVITY,account_107,7,7
NULL,log_activity,ACTIVITY,account_108,5,5
NULL,log_activity,ACTIVITY,account_109,6,4
NULL,log_activity,ACTIVITY,account_11,8,6
NULL,log_activity,ACTIVITY,account_110,8,7
NULL,log_activity,ACTIVITY,account_111,12,8
NULL,log_activity,ACTIVITY,account_112,11,7
NULL,log_activity,ACTIVITY,account_113,11,10
NULL,log_activity,ACTIVITY,account_114,8,7
NULL,log_activity,ACTIVITY,account_115,6,5
NULL,log_activity,ACTIVITY,account_116,6,5
NULL,log_activity,ACTIVITY,account_117,4,4
NULL,log_activity,ACTIVITY,account_118,12,12
NULL,log_activity,ACTIVITY,account_119,6,6
NULL,log_activity,ACTIVITY,account_12,9,8
NULL,log_activity,ACTIVITY,account_120,10,8
NULL,log_activity,ACTIVITY,account_13,7,6
NULL,log_activity,ACTIVITY,account_14,8,8
NULL,log_activity,ACTIVITY,account_15,15,13
NULL,log_activity,ACTIVITY,account_16,19,16
NULL,log_activity,ACTIVITY,account_17,5,5
NULL,log_activity,ACTIVITY,account_18,6,6
NULL,log_activity,ACTIVITY,account_19,11,9
NULL,log_activity,ACTIVITY,account_2,10,8
NULL,log_activity,ACTIVITY,account_20,12,11
NULL,log_activity,ACTIVITY,account_21,8,7
NULL,log_activity,ACTIVITY,account_22,11,9
NULL,log_activity,ACTIVITY,account_23,7,7
NULL,log_activity,ACTIVITY,account_24,9,9
NULL,log_activity,ACTIVITY,account_25,9,8
NULL,log_activity,ACTIVITY,account_26,13,11
NULL,log_activity,ACTIVITY,account_27,3,3
NULL,log_activity,ACTIVITY,account_28,8,6
NULL,log_activity,ACTIVITY,account_29,14,13
NULL,log_activity,ACTIVITY,account_3,7,7
NULL,log_activity,ACTIVITY,account_30,7,6
NULL,log_activity,ACTIVITY,account_31,4,3
NULL,log_activity,ACTIVITY,account_32,7,7
NULL,log_activity,ACTIVITY,account_33,8,7
NULL,log_activity,ACTIVITY,account_34,8,7
NULL,log_activity,ACTIVITY,account_35,7,6
NULL,log_activity,ACTIVITY,account_36,11,11
NULL,log_activity,ACTIVITY,account_37,10,8
NULL,log_activity,ACTIVITY,account_38,3,3
NULL,log_activity,ACTIVITY,account_39,9,9
NULL,log_activity,ACTIVITY,account_4,10,8
NULL,log_activity,ACTIVITY,account_40,11,11
NULL,log_activity,ACTIVITY,account_41,5,5
NULL,log_activity,ACTIVITY,account_42,9,9
NULL,log_activity,ACTIVITY,account_43,4,4
NULL,log_activity,ACTIVITY,account_44,7,7
NULL,log_activity,ACTIVITY,account_45,9,8
NULL,log_activity,ACTIVITY,account_46,9,8
NULL,log_activity,ACTIVITY,account_47,7,6
NULL,log_activity,ACTIVITY,account_48,7,5
NULL,log_activity,ACTIVITY,account_49,7,6
NULL,log_activity,ACTIVITY,account_5,9,5
NULL,log_activity,ACTIVITY,account_50,6,6
NULL,log_activity,ACTIVITY,account_51,8,7
NULL,log_activity,ACTIVITY,account_52,6,6
NULL,log_activity,ACTIVITY,account_53,4,4
NULL,log_activity,ACTIVITY,account_54,11,9
NULL,log_activity,ACTIVITY,account_55,4,3
NULL,log_activity,ACTIVITY,account_56,5,5
NULL,log_activity,ACTIVITY,account_57,6,6
NULL,log_activity,ACTIVITY,account_58,3,3
NULL,log_activity,ACTIVITY,account_59,7,7
NULL,log_activity,ACTIVITY,account_6,6,6
NULL,log_activity,ACTIVITY,account_60,8,8
NULL,log_activity,ACTIVITY,account_62,8,8
NULL,log_activity,ACTIVITY,account_63,6,6
NULL,log_activity,ACTIVITY,account_64,13,12
NULL,log_activity,ACTIVITY,account_65,3,2
NULL,log_activity,ACTIVITY,account_66,4,3
NULL,log_activity,ACTIVITY,account_67,10,10
NULL,log_activity,ACTIVITY,account_68,7,5
NULL,log_activity,ACTIVITY,account_69,9,9
NULL,log_activity,ACTIVITY,account_7,11,9
NULL,log_activity,ACTIVITY,account_70,10,9
NULL,log_activity,ACTIVITY,account_71,7,7
NULL,log_activity,ACTIVITY,account_72,6,5
NULL,log_activity,ACTIVITY,account_73,6,6
NULL,log_activity,ACTIVITY,account_74,10,10
NULL,log_activity,ACTIVITY,account_75,14,11
NULL,log_activity,ACTIVITY,account_76,10,10
NULL,log_activity,ACTIVITY,account_77,9,9
NULL,log_activity,ACTIVITY,account_78,7,7
NULL,log_activity,ACTIVITY,account_79,10,9
NULL,log_activity,ACTIVITY,account_8,11,9
NULL,log_activity,ACTIVITY,account_80,8,6
NULL,log_activity,ACTIVITY,account_81,7,5
NULL,log_activity,ACTIVITY,account_82,8,8
NULL,log_activity,ACTIVITY,account_83,5,5
NULL,log_activity,ACTIVITY,account_84,8,8
NULL,log_activity,ACTIVITY,account_85,14,13
NULL,log_activity,ACTIVITY,account_86,6,5
NULL,log_activity,ACTIVITY,account_87,4,4
NULL,log_activity,ACTIVITY,account_88,6,6
NULL,log_activity,ACTIVITY,account_89,11,11
NULL,log_activity,ACTIVITY,account_9,8,7
NULL,log_activity,ACTIVITY,account_90,10,7
NULL,log_activity,ACTIVITY,account_91,5,5
NULL,log_activity,ACTIVITY,account_92,8,5
NULL,log_activity,ACTIVITY,account_93,9,8
NULL,log_activity,ACTIVITY,account_94,4,3
NULL,log_activity,ACTIVITY,account_95,5,5
NULL,log_activity,ACTIVITY,account_96,11,11
NULL,log_activity,ACTIVITY,account_97,9,9
NULL,log_activity,ACTIVITY,account_98,9,8
NULL,log_activity,ACTIVITY,account_99,11,10
NULL,login,AUTH,NULL,1,1
NULL,login,AUTH,account_1,1,1
NULL,login,AUTH,account_10,2,2
NULL,login,AUTH,account_100,3,3
NULL,login,AUTH,account_101,4,4
NULL,login,AUTH,account_102,1,1
NULL,login,AUTH,account_103,2,2
NULL,login,AUTH,account_104,3,3
NULL,login,AUTH,account_105,4,4
NULL,login,AUTH,account_106,2,2
NULL,login,AUTH,account_107,4,4
NULL,login,AUTH,account_108,1,1
NULL,login,AUTH,account_109,1,1
NULL,login,AUTH,account_11,1,1
NULL,login,AUTH,account_110,1,1
NULL,login,AUTH,account_111,3,3
NULL,login,AUTH,account_113,1,1
NULL,login,AUTH,account_114,6,6
NULL,login,AUTH,account_115,1,1
NULL,login,AUTH,account_116,3,3
NULL,login,AUTH,account_117,2,2
NULL,login,AUTH,account_118,2,2
NULL,login,AUTH,account_119,1,1
NULL,login,AUTH,account_12,3,2
NULL,login,AUTH,account_120,2,1
NULL,login,AUTH,account_13,3,3
NULL,login,AUTH,account_14,4,4
NULL,login,AUTH,account_15,2,2
NULL,login,AUTH,account_16,3,2
NULL,login,AUTH,account_17,1,1
NULL,Login,AUTH,account_18,2,2
NULL,login,AUTH,account_19,2,1
NULL,login,AUTH,account_20,5,5
NULL,login,AUTH,account_21,2,2
NULL,login,AUTH,account_22,2,2
NULL,login,AUTH,account_23,4,4
NULL,login,AUTH,account_24,5,5
NULL,login,AUTH,account_25,2,2
NULL,login,AUTH,account_27,2,2
NULL,login,AUTH,account_28,1,1
NULL,login,AUTH,account_29,6,5
NULL,login,AUTH,account_3,4,4
NULL,login,AUTH,account_30,5,5
NULL,login,AUTH,account_31,1,1
NULL,login,AUTH,account_33,8,7
NULL,login,AUTH,account_34,2,2
NULL,Login,AUTH,account_35,5,5
NULL,login,AUTH,account_36,4,4
NULL,login,AUTH,account_37,4,4
NULL,login,AUTH,account_38,1,1
NULL,login,AUTH,account_39,1,1
NULL,login,AUTH,account_4,3,2
NULL,login,AUTH,account_40,5,5
NULL,login,AUTH,account_41,3,3
NULL,login,AUTH,account_42,3,3
NULL,login,AUTH,account_43,4,3
NULL,login,AUTH,account_44,5,5
NULL,login,AUTH,account_45,2,2
NULL,login,AUTH,account_46,3,3
NULL,login,AUTH,account_47,2,2
NULL,login,AUTH,account_48,1,1
NULL,login,AUTH,account_49,3,3
NULL,login,AUTH,account_5,3,3
NULL,login,AUTH,account_50,1,1
NULL,login,AUTH,account_51,3,3
NULL,login,AUTH,account_52,2,2
NULL,login,AUTH,account_53,5,5
NULL,login,AUTH,account_54,1,1
NULL,login,AUTH,account_55,1,1
NULL,login,AUTH,account_56,1,1
NULL,login,AUTH,account_57,1,1
NULL,login,AUTH,account_58,2,2
NULL,login,AUTH,account_59,3,3
NULL,login,AUTH,account_6,3,3
NULL,login,AUTH,account_60,2,2
NULL,login,AUTH,account_62,6,5
NULL,Login,AUTH,account_63,2,2
NULL,login,AUTH,account_65,3,3
NULL,login,AUTH,account_66,2,2
NULL,login,AUTH,account_67,2,2
NULL,Login,AUTH,account_68,3,3
NULL,login,AUTH,account_69,4,4
NULL,login,AUTH,account_7,1,1
NULL,login,AUTH,account_70,5,5
NULL,login,AUTH,account_71,5,4
NULL,login,AUTH,account_72,3,3
NULL,login,AUTH,account_73,4,4
NULL,login,AUTH,account_74,3,3
NULL,login,AUTH,account_76,1,1
NULL,login,AUTH,account_77,5,5
NULL,login,AUTH,account_78,2,2
NULL,login,AUTH,account_79,4,3
NULL,login,AUTH,account_8,2,2
NULL,login,AUTH,account_80,1,1
NULL,login,AUTH,account_81,3,3
NULL,login,AUTH,account_82,7,7
NULL,login,AUTH,account_83,5,4
NULL,login,AUTH,account_84,2,2
NULL,login,AUTH,account_86,1,1
NULL,login,AUTH,account_87,1,1
NULL,login,AUTH,account_88,6,6
NULL,login,AUTH,account_89,1,1
NULL,login,AUTH,account_9,1,1
NULL,login,AUTH,account_90,1,1
NULL,login,AUTH,account_91,2,2
NULL,login,AUTH,account_92,6,6
NULL,login,AUTH,account_93,2,2
NULL,login,AUTH,account_94,4,4
NULL,login,AUTH,account_95,3,3
NULL,login,AUTH,account_96,1,1
NULL,login,AUTH,account_97,5,5
NULL,login,AUTH,account_98,2,2
NULL,login,AUTH,account_99,6,5
NULL,move_deal_stage,PIPELINE,NULL,8,8
NULL,move_deal_stage,PIPELINE,account_1,12,12
NULL,move_deal_stage,PIPELINE,account_10,6,6
NULL,move_deal_stage,PIPELINE,account_100,12,8
NULL,move_deal_stage,PIPELINE,account_101,9,8
NULL,move_deal_stage,PIPELINE,account_102,11,11
NULL,move_deal_stage,PIPELINE,account_103,12,11
NULL,move_deal_stage,PIPELINE,account_104,11,10
NULL,move_deal_stage,PIPELINE,account_105,3,3
NULL,move_deal_stage,PIPELINE,account_106,7,7
NULL,move_deal_stage,PIPELINE,account_107,7,7
NULL,move_deal_stage,PIPELINE,account_108,2,2
NULL,move_deal_stage,PIPELINE,account_109,6,6
NULL,move_deal_stage,PIPELINE,account_11,4,4
NULL,move_deal_stage,PIPELINE,account_110,14,13
NULL,move_deal_stage,PIPELINE,account_111,14,12
NULL,move_deal_stage,PIPELINE,account_112,2,2
NULL,move_deal_stage,PIPELINE,account_113,6,6
NULL,move_deal_stage,PIPELINE,account_114,11,9
NULL,move_deal_stage,PIPELINE,account_115,8,6
NULL,move_deal_stage,PIPELINE,account_116,9,7
NULL,move_deal_stage,PIPELINE,account_117,5,5
NULL,move_deal_stage,PIPELINE,account_118,6,6
NULL,move_deal_stage,PIPELINE,account_119,6,5
NULL,move_deal_stage,PIPELINE,account_12,9,9
NULL,move_deal_stage,PIPELINE,account_120,5,4
NULL,move_deal_stage,PIPELINE,account_13,4,4
NULL,move_deal_stage,PIPELINE,account_14,11,8
NULL,move_deal_stage,PIPELINE,account_15,11,10
NULL,move_deal_stage,PIPELINE,account_16,9,8
NULL,move_deal_stage,PIPELINE,account_17,11,8
NULL,move_deal_stage,PIPELINE,account_18,6,5
NULL,move_deal_stage,PIPELINE,account_19,5,5
NULL,move_deal_stage,PIPELINE,account_2,14,12
NULL,move_deal_stage,PIPELINE,account_20,9,8
NULL,move_deal_stage,PIPELINE,account_21,12,10
NULL,move_deal_stage,PIPELINE,account_22,7,5
NULL,move_deal_stage,PIPELINE,account_23,11,10
NULL,move_deal_stage,PIPELINE,account_24,10,8
NULL,move_deal_stage,PIPELINE,account_25,8,8
NULL,move_deal_stage,PIPELINE,account_26,4,4
NULL,move_deal_stage,PIPELINE,account_27,9,9
NULL,move_deal_stage,PIPELINE,account_28,8,8
NULL,move_deal_stage,PIPELINE,account_29,9,7
NULL,move_deal_stage,PIPELINE,account_3,15,13
NULL,move_deal_stage,PIPELINE,account_30,5,5
NULL,move_deal_stage,PIPELINE,account_31,9,7
NULL,move_deal_stage,PIPELINE,account_32,5,5
NULL,move_deal_stage,PIPELINE,account_33,3,3
NULL,move_deal_stage,PIPELINE,account_34,7,7
NULL,move_deal_stage,PIPELINE,account_35,10,9
NULL,move_deal_stage,PIPELINE,account_36,10,10
NULL,move_deal_stage,PIPELINE,account_37,8,8
NULL,move_deal_stage,PIPELINE,account_38,3,3
NULL,move_deal_stage,PIPELINE,account_39,13,12
NULL,move_deal_stage,PIPELINE,account_4,6,6
NULL,move_deal_stage,PIPELINE,account_40,10,9
NULL,move_deal_stage,PIPELINE,account_41,10,9
NULL,move_deal_stage,PIPELINE,account_42,6,5
NULL,move_deal_stage,PIPELINE,account_43,7,6
NULL,move_deal_stage,PIPELINE,account_44,3,3
NULL,move_deal_stage,PIPELINE,account_45,9,7
NULL,move_deal_stage,PIPELINE,account_46,8,7
NULL,move_deal_stage,PIPELINE,account_47,8,6
NULL,move_deal_stage,PIPELINE,account_48,4,4
NULL,move_deal_stage,PIPELINE,account_49,5,5
NULL,move_deal_stage,PIPELINE,account_5,9,9
NULL,move_deal_stage,PIPELINE,account_50,12,10
NULL,move_deal_stage,PIPELINE,account_51,7,6
NULL,move_deal_stage,PIPELINE,account_52,7,7
NULL,move_deal_stage,PIPELINE,account_53,11,9
NULL,move_deal_stage,PIPELINE,account_54,11,9
NULL,move_deal_stage,PIPELINE,account_55,6,5
NULL,move_deal_stage,PIPELINE,account_56,13,13
NULL,move_deal_stage,PIPELINE,account_57,5,5
NULL,move_deal_stage,PIPELINE,account_58,6,6
NULL,move_deal_stage,PIPELINE,account_59,11,9
NULL,move_deal_stage,PIPELINE,account_6,8,8
NULL,move_deal_stage,PIPELINE,account_60,10,9
NULL,move_deal_stage,PIPELINE,account_61,6,6
NULL,move_deal_stage,PIPELINE,account_62,8,7
NULL,move_deal_stage,PIPELINE,account_63,7,7
NULL,move_deal_stage,PIPELINE,account_64,9,9
NULL,move_deal_stage,PIPELINE,account_65,5,4
NULL,move_deal_stage,PIPELINE,account_66,11,11
NULL,move_deal_stage,PIPELINE,account_67,9,7
NULL,move_deal_stage,PIPELINE,account_68,8,7
NULL,move_deal_stage,PIPELINE,account_69,6,6
NULL,move_deal_stage,PIPELINE,account_7,6,4
NULL,move_deal_stage,PIPELINE,account_70,7,6
NULL,move_deal_stage,PIPELINE,account_71,7,6
NULL,move_deal_stage,PIPELINE,account_72,5,5
NULL,move_deal_stage,PIPELINE,account_73,12,11
NULL,move_deal_stage,PIPELINE,account_74,8,8
NULL,move_deal_stage,PIPELINE,account_75,7,7
NULL,move_deal_stage,PIPELINE,account_76,8,7
NULL,move_deal_stage,PIPELINE,account_77,8,8
NULL,move_deal_stage,PIPELINE,account_78,4,4
NULL,move_deal_stage,PIPELINE,account_79,8,8
NULL,move_deal_stage,PIPELINE,account_8,11,11
NULL,move_deal_stage,PIPELINE,account_80,5,4
NULL,move_deal_stage,PIPELINE,account_81,9,9
NULL,move_deal_stage,PIPELINE,account_82,10,10
NULL,move_deal_stage,PIPELINE,account_83,6,5
NULL,move_deal_stage,PIPELINE,account_84,11,9
NULL,move_deal_stage,PIPELINE,account_85,5,4
NULL,move_deal_stage,PIPELINE,account_86,9,9
NULL,move_deal_stage,PIPELINE,account_87,7,7
NULL,move_deal_stage,PIPELINE,account_88,9,9
NULL,move_deal_stage,PIPELINE,account_89,8,7
NULL,move_deal_stage,PIPELINE,account_9,9,8
NULL,move_deal_stage,PIPELINE,account_90,9,9
NULL,move_deal_stage,PIPELINE,account_91,6,6
NULL,move_deal_stage,PIPELINE,account_92,11,9
NULL,move_deal_stage,PIPELINE,account_93,11,10
NULL,move_deal_stage,PIPELINE,account_94,9,8
NULL,move_deal_stage,PIPELINE,account_95,7,6
NULL,move_deal_stage,PIPELINE,account_96,11,10
NULL,move_deal_stage,PIPELINE,account_97,14,13
NULL,move_deal_stage,PIPELINE,account_98,12,11
NULL,move_deal_stage,PIPELINE,account_99,15,14
NULL,user_login,AUTH,account_29,1,1
NULL,user_login,AUTH,account_45,1,1
NULL,user_login,AUTH,account_56,1,1
NULL,user_login,AUTH,account_69,1,1
NULL,view_dashboard,OTHER,NULL,4,4
NULL,view_dashboard,OTHER,account_1,1,1
NULL,view_dashboard,OTHER,account_10,1,1
NULL,view_dashboard,OTHER,account_100,5,5
NULL,view_dashboard,OTHER,account_101,4,3
NULL,view_dashboard,OTHER,account_102,2,2
NULL,view_dashboard,OTHER,account_103,5,5
NULL,view_dashboard,OTHER,account_104,2,2
NULL,view_dashboard,OTHER,account_105,6,6
NULL,view_dashboard,OTHER,account_106,4,4
NULL,view_dashboard,OTHER,account_107,4,4
NULL,view_dashboard,OTHER,account_108,3,2
NULL,view_dashboard,OTHER,account_109,3,3
NULL,view_dashboard,OTHER,account_11,5,5
NULL,view_dashboard,OTHER,account_110,3,3
NULL,view_dashboard,OTHER,account_112,3,3
NULL,view_dashboard,OTHER,account_113,4,4
NULL,view_dashboard,OTHER,account_114,3,3
NULL,view_dashboard,OTHER,account_115,4,4
NULL,view_dashboard,OTHER,account_116,1,1
NULL,view_dashboard,OTHER,account_117,4,4
NULL,view_dashboard,OTHER,account_118,2,2
NULL,view_dashboard,OTHER,account_12,2,2
NULL,view_dashboard,OTHER,account_120,1,0
NULL,view_dashboard,OTHER,account_13,2,2
NULL,view_dashboard,OTHER,account_14,5,5
NULL,view_dashboard,OTHER,account_15,5,5
NULL,view_dashboard,OTHER,account_16,1,1
NULL,view_dashboard,OTHER,account_17,4,4
NULL,view_dashboard,OTHER,account_18,2,2
NULL,view_dashboard,OTHER,account_19,4,4
NULL,view_dashboard,OTHER,account_2,4,4
NULL,view_dashboard,OTHER,account_20,2,2
NULL,view_dashboard,OTHER,account_21,4,4
NULL,view_dashboard,OTHER,account_22,1,1
NULL,view_dashboard,OTHER,account_23,4,4
NULL,view_dashboard,OTHER,account_24,4,4
NULL,view_dashboard,OTHER,account_25,1,1
NULL,view_dashboard,OTHER,account_26,3,3
NULL,view_dashboard,OTHER,account_27,4,4
NULL,view_dashboard,OTHER,account_28,3,2
NULL,view_dashboard,OTHER,account_29,5,5
NULL,view_dashboard,OTHER,account_3,4,3
NULL,view_dashboard,OTHER,account_30,3,3
NULL,view_dashboard,OTHER,account_31,3,3
NULL,view_dashboard,OTHER,account_33,1,1
NULL,view_dashboard,OTHER,account_34,2,2
NULL,view_dashboard,OTHER,account_35,2,2
NULL,view_dashboard,OTHER,account_36,1,1
NULL,view_dashboard,OTHER,account_37,2,2
NULL,view_dashboard,OTHER,account_38,1,1
NULL,view_dashboard,OTHER,account_4,2,2
NULL,view_dashboard,OTHER,account_40,1,1
NULL,view_dashboard,OTHER,account_41,5,4
NULL,view_dashboard,OTHER,account_42,3,3
NULL,view_dashboard,OTHER,account_43,2,2
NULL,view_dashboard,OTHER,account_44,4,4
NULL,view_dashboard,OTHER,account_45,2,2
NULL,view_dashboard,OTHER,account_46,3,3
NULL,view_dashboard,OTHER,account_47,1,1
NULL,view_dashboard,OTHER,account_48,3,3
NULL,view_dashboard,OTHER,account_5,7,7
NULL,view_dashboard,OTHER,account_50,1,1
NULL,view_dashboard,OTHER,account_51,5,4
NULL,view_dashboard,OTHER,account_52,2,2
NULL,view_dashboard,OTHER,account_53,3,3
NULL,view_dashboard,OTHER,account_55,1,1
NULL,view_dashboard,OTHER,account_56,2,2
NULL,view_dashboard,OTHER,account_57,3,3
NULL,view_dashboard,OTHER,account_58,1,1
NULL,view_dashboard,OTHER,account_59,4,4
NULL,view_dashboard,OTHER,account_6,2,2
NULL,view_dashboard,OTHER,account_60,2,2
NULL,view_dashboard,OTHER,account_62,4,4
NULL,view_dashboard,OTHER,account_63,3,3
NULL,view_dashboard,OTHER,account_64,3,3
NULL,view_dashboard,OTHER,account_65,1,1
NULL,view_dashboard,OTHER,account_66,3,3
NULL,view_dashboard,OTHER,account_67,1,1
NULL,view_dashboard,OTHER,account_68,2,2
NULL,view_dashboard,OTHER,account_69,3,3
NULL,view_dashboard,OTHER,account_7,2,1
NULL,view_dashboard,OTHER,account_70,4,4
NULL,view_dashboard,OTHER,account_71,4,4
NULL,view_dashboard,OTHER,account_72,6,6
NULL,view_dashboard,OTHER,account_73,3,3
NULL,view_dashboard,OTHER,account_74,4,4
NULL,view_dashboard,OTHER,account_77,4,4
NULL,view_dashboard,OTHER,account_78,1,1
NULL,view_dashboard,OTHER,account_79,1,1
NULL,view_dashboard,OTHER,account_8,5,5
NULL,view_dashboard,OTHER,account_80,5,5
NULL,view_dashboard,OTHER,account_81,1,1
NULL,view_dashboard,OTHER,account_82,2,2
NULL,view_dashboard,OTHER,account_83,1,1
NULL,view_dashboard,OTHER,account_84,3,3
NULL,view_dashboard,OTHER,account_85,4,4
NULL,view_dashboard,OTHER,account_86,1,1
NULL,view_dashboard,OTHER,account_87,2,2
NULL,view_dashboard,OTHER,account_88,1,1
NULL,view_dashboard,OTHER,account_89,3,2
NULL,view_dashboard,OTHER,account_9,1,1
NULL,view_dashboard,OTHER,account_90,2,2
NULL,view_dashboard,OTHER,account_91,3,3
NULL,view_dashboard,OTHER,account_92,4,4
NULL,view_dashboard,OTHER,account_93,3,3
NULL,view_dashboard,OTHER,account_94,2,2
NULL,view_dashboard,OTHER,account_95,2,2
NULL,view_dashboard,OTHER,account_96,4,3
NULL,view_dashboard,OTHER,account_97,1,1
NULL,view_dashboard,OTHER,account_98,6,6
NULL,view_dashboard,OTHER,account_99,2,2
NULL,ViewDashboard,OTHER,account_3,1,1
NULL,ViewDashboard,OTHER,account_33,1,1
NULL,ViewDashboard,OTHER,account_43,1,1
NULL,ViewDashboard,OTHER,account_63,1,1
NULL,ViewDashboard,OTHER,account_7,1,1
NULL,ViewDashboard,OTHER,account_91,1,1
NULL,ViewDashboard,OTHER,account_96,1,1
2026-01-01,create_deal,PIPELINE,NULL,1,1
2026-01-01,create_deal,PIPELINE,account_2,4,1
2026-01-01,create_deal,PIPELINE,account_28,1,1
2026-01-01,create_deal,PIPELINE,account_84,4,1
2026-01-01,enable_automation,AUTOMATION,account_2,3,1
2026-01-01,enable_automation,AUTOMATION,account_28,1,1
2026-01-01,invite_user,OTHER,account_28,1,1
2026-01-01,invite_user,OTHER,account_84,2,1
2026-01-01,log_activity,ACTIVITY,account_2,2,1
2026-01-01,log_activity,ACTIVITY,account_84,5,1
2026-01-01,login,AUTH,account_2,2,1
2026-01-01,login,AUTH,account_84,1,1
2026-01-01,move_deal_stage,PIPELINE,account_2,2,1
2026-01-01,move_deal_stage,PIPELINE,account_28,4,1
2026-01-01,move_deal_stage,PIPELINE,account_84,2,1
2026-01-02,create_deal,PIPELINE,account_30,1,1
2026-01-02,create_deal,PIPELINE,account_77,2,1
2026-01-02,enable_automation,AUTOMATION,account_30,1,1
2026-01-02,enable_automation,AUTOMATION,account_42,1,1
2026-01-02,enable_automation,AUTOMATION,account_77,1,1
2026-01-02,enable_automation,AUTOMATION,account_88,1,1
2026-01-02,invite_user,OTHER,account_77,3,1
2026-01-02,invite_user,OTHER,account_88,1,1
2026-01-02,log_activity,ACTIVITY,account_30,1,1
2026-01-02,log_activity,ACTIVITY,account_77,2,1
2026-01-02,log_activity,ACTIVITY,account_88,1,1
2026-01-02,move_deal_stage,PIPELINE,account_30,1,1
2026-01-02,move_deal_stage,PIPELINE,account_77,2,1
2026-01-02,user_login,AUTH,account_77,1,1
2026-01-02,view_dashboard,OTHER,account_42,1,1
2026-01-02,view_dashboard,OTHER,account_77,2,1
2026-01-03,create_deal,PIPELINE,account_28,1,1
2026-01-03,create_deal,PIPELINE,account_68,2,1
2026-01-03,create_deal,PIPELINE,account_87,1,1
2026-01-03,enable_automation,AUTOMATION,account_14,1,1
2026-01-03,enable_automation,AUTOMATION,account_28,1,1
2026-01-03,enable_automation,AUTOMATION,account_68,1,1
2026-01-03,enable_automation,AUTOMATION,account_71,1,1
2026-01-03,enable_automation,AUTOMATION,account_87,1,1
2026-01-03,invite_user,OTHER,account_68,1,1
2026-01-03,invite_user,OTHER,account_87,1,1
2026-01-03,log_activity,ACTIVITY,account_14,2,1
2026-01-03,log_activity,ACTIVITY,account_28,2,1
2026-01-03,log_activity,ACTIVITY,account_57,1,1
2026-01-03,log_activity,ACTIVITY,account_71,2,1
2026-01-03,log_activity,ACTIVITY,account_87,1,1
2026-01-03,login,AUTH,account_71,1,1
2026-01-03,login,AUTH,account_87,1,1
2026-01-03,move_deal_stage,PIPELINE,account_14,2,1
2026-01-03,move_deal_stage,PIPELINE,account_28,2,1
2026-01-03,move_deal_stage,PIPELINE,account_68,4,1
2026-01-03,move_deal_stage,PIPELINE,account_71,2,1
2026-01-03,move_deal_stage,PIPELINE,account_87,1,1
2026-01-03,view_dashboard,OTHER,account_14,1,1
2026-01-03,ViewDashboard,OTHER,account_87,1,1
2026-01-04,create_deal,PIPELINE,account_60,1,1
2026-01-04,create_deal,PIPELINE,account_67,3,1
2026-01-04,enable_automation,AUTOMATION,account_10,2,1
2026-01-04,enable_automation,AUTOMATION,account_60,1,1
2026-01-04,enable_automation,AUTOMATION,account_67,3,1
2026-01-04,invite_user,OTHER,account_10,1,1
2026-01-04,invite_user,OTHER,account_67,2,1
2026-01-04,invite_user,OTHER,account_77,1,1
2026-01-04,log_activity,ACTIVITY,account_10,1,1
2026-01-04,log_activity,ACTIVITY,account_60,1,1
2026-01-04,log_activity,ACTIVITY,account_67,5,1
2026-01-04,login,AUTH,account_60,1,1
2026-01-04,move_deal_stage,PIPELINE,account_60,1,1
2026-01-04,move_deal_stage,PIPELINE,account_67,3,1
2026-01-04,move_deal_stage,PIPELINE,account_77,1,1
2026-01-04,view_dashboard,OTHER,account_67,1,1
2026-01-05,create_deal,PIPELINE,account_100,1,1
2026-01-05,create_deal,PIPELINE,account_101,1,1
2026-01-05,create_deal,PIPELINE,account_12,2,1
2026-01-05,enable_automation,AUTOMATION,account_100,1,1
2026-01-05,enable_automation,AUTOMATION,account_101,2,1
2026-01-05,enable_automation,AUTOMATION,account_12,3,1
2026-01-05,enable_automation,AUTOMATION,account_15,2,1
2026-01-05,invite_user,OTHER,account_100,1,1
2026-01-05,invite_user,OTHER,account_119,1,1
2026-01-05,log_activity,ACTIVITY,account_101,2,1
2026-01-05,log_activity,ACTIVITY,account_119,1,1
2026-01-05,log_activity,ACTIVITY,account_12,2,1
2026-01-05,log_activity,ACTIVITY,account_15,3,1
2026-01-05,login,AUTH,account_100,1,1
2026-01-05,login,AUTH,account_12,1,1
2026-01-05,login,AUTH,account_15,1,1
2026-01-05,move_deal_stage,PIPELINE,account_101,1,1
2026-01-05,move_deal_stage,PIPELINE,account_119,1,1
2026-01-05,move_deal_stage,PIPELINE,account_15,1,1
2026-01-05,view_dashboard,OTHER,account_119,2,1
2026-01-05,view_dashboard,OTHER,account_12,1,1
2026-01-05,view_dashboard,OTHER,account_15,1,1
2026-01-06,create_deal,PIPELINE,account_64,4,1
2026-01-06,enable_automation,AUTOMATION,account_64,1,1
2026-01-06,log_activity,ACTIVITY,account_117,2,1
2026-01-06,log_activity,ACTIVITY,account_64,1,1
2026-01-06,login,AUTH,account_64,1,1
2026-01-06,move_deal_stage,PIPELINE,account_117,1,1
2026-01-06,move_deal_stage,PIPELINE,account_64,5,1
2026-01-06,view_dashboard,OTHER,account_117,1,1
2026-01-07,create_deal,PIPELINE,account_28,4,1
2026-01-07,create_deal,PIPELINE,account_38,1,1
2026-01-07,enable_automation,AUTOMATION,account_28,2,1
2026-01-07,invite_user,OTHER,account_28,1,1
2026-01-07,invite_user,OTHER,account_38,1,1
2026-01-07,log_activity,ACTIVITY,account_108,2,1
2026-01-07,log_activity,ACTIVITY,account_38,1,1
2026-01-07,move_deal_stage,PIPELINE,account_108,1,1
2026-01-07,move_deal_stage,PIPELINE,account_28,2,1
2026-01-07,move_deal_stage,PIPELINE,account_38,1,1
2026-01-07,view_dashboard,OTHER,account_28,1,1
2026-01-08,create_deal,PIPELINE,account_21,1,1
2026-01-08,create_deal,PIPELINE,account_25,3,1
2026-01-08,enable_automation,AUTOMATION,account_36,1,1
2026-01-08,log_activity,ACTIVITY,account_21,2,1
2026-01-08,log_activity,ACTIVITY,account_25,5,1
2026-01-08,log_activity,ACTIVITY,account_36,3,1
2026-01-08,move_deal_stage,PIPELINE,account_21,3,1
2026-01-08,move_deal_stage,PIPELINE,account_25,3,1
2026-01-08,view_dashboard,OTHER,account_25,2,1
2026-01-08,view_dashboard,OTHER,account_36,1,1
2026-01-09,create_deal,PIPELINE,account_37,3,1
2026-01-09,create_deal,PIPELINE,account_44,1,1
2026-01-09,create_deal,PIPELINE,account_53,1,1
2026-01-09,enable_automation,AUTOMATION,account_37,4,1
2026-01-09,enable_automation,AUTOMATION,account_44,2,1
2026-01-09,enable_automation,AUTOMATION,account_53,2,1
2026-01-09,invite_user,OTHER,account_44,1,1
2026-01-09,log_activity,ACTIVITY,NULL,1,1
2026-01-09,log_activity,ACTIVITY,account_37,1,1
2026-01-09,log_activity,ACTIVITY,account_44,4,1
2026-01-09,log_activity,ACTIVITY,account_53,1,1
2026-01-09,login,AUTH,account_44,1,1
2026-01-09,move_deal_stage,PIPELINE,account_37,3,1
2026-01-09,move_deal_stage,PIPELINE,account_44,2,1
2026-01-09,move_deal_stage,PIPELINE,account_53,2,1
2026-01-09,view_dashboard,OTHER,account_37,1,1
2026-01-09,view_dashboard,OTHER,account_44,1,1
2026-01-10,create_deal,PIPELINE,account_25,2,1
2026-01-10,create_deal,PIPELINE,account_7,1,1
2026-01-10,create_deal,PIPELINE,account_97,1,1
2026-01-10,enable_automation,AUTOMATION,account_7,2,1
2026-01-10,enable_automation,AUTOMATION,account_97,1,1
2026-01-10,invite_user,OTHER,account_7,1,1
2026-01-10,invite_user,OTHER,account_97,1,1
2026-01-10,log_activity,ACTIVITY,account_97,5,1
2026-01-10,login,AUTH,account_25,1,1
2026-01-10,login,AUTH,account_97,3,1
2026-01-10,move_deal_stage,PIPELINE,account_25,2,1
2026-01-10,move_deal_stage,PIPELINE,account_7,1,1
2026-01-10,move_deal_stage,PIPELINE,account_97,4,1
2026-01-10,view_dashboard,OTHER,account_25,2,1
2026-01-11,create_deal,PIPELINE,account_113,2,1
2026-01-11,create_deal,PIPELINE,account_116,2,1
2026-01-11,create_deal,PIPELINE,account_63,1,0
2026-01-11,create_deal,PIPELINE,account_68,1,1
2026-01-11,create_deal,PIPELINE,account_74,1,1
2026-01-11,enable_automation,AUTOMATION,account_113,2,1
2026-01-11,enable_automation,AUTOMATION,account_116,1,1
2026-01-11,enable_automation,AUTOMATION,account_63,1,1
2026-01-11,invite_user,OTHER,account_63,1,1
2026-01-11,log_activity,ACTIVITY,account_116,1,1
2026-01-11,log_activity,ACTIVITY,account_63,4,1
2026-01-11,log_activity,ACTIVITY,account_74,1,1
2026-01-11,login,AUTH,account_113,1,1
2026-01-11,move_deal_stage,PIPELINE,account_68,2,1
2026-01-11,move_deal_stage,PIPELINE,account_74,1,1
2026-01-11,view_dashboard,OTHER,account_113,1,1
2026-01-12,create_deal,PIPELINE,account_112,1,1
2026-01-12,create_deal,PIPELINE,account_14,4,1
