user_id,account_id,full_name,email,job_role,user_status,created_at,last_seen_at,timezone,locale,is_admin,days_last_seen
user_1,account_82,Ingrid Hansen,ingrid.hansen@salesops.eu,sales_rep,active,06/09/2026,05/21/2027,Europe/Oslo,fr-FR,0,307
user_2,account_26,Ethan Nilsson,ethan.nilsson@acme-eu.com,sales_rep,active,09/12/2029,09/15/2029,Europe/London,de-DE,0,1154
user_3,account_13,Leo Thomas,leo.thomas@salesops.eu,sales_manager,active,02/07/2029,10/01/2029,Europe/Oslo,de-DE,0,1170
user_4,account_25,Lucas Johansson,lucas.johansson@acme-eu.com,revops,invited,08/21/2029,NULL,Europe/Stockholm,nl-NL,0,NULL
user_5,account_27,Lea Bakker,lea.bakker@nordicflow-customer.com,sales_manager,active,02/06/2029,06/11/2029,Europe/Berlin,de-DE,0,1059
user_6,account_99,Sofia Olsen,sofia.olsen@nordicflow-customer.com,revops,active,04/13/2026,07/31/2026,Europe/London,da-DK,0,12
user_7,account_18,Ella Smith,ella.smith@midmarket.io,sales_rep,active,10/28/2027,08/22/2028,Europe/Copenhagen,sv-SE,0,765
user_8,account_20,Oliver Brown,oliver.brown@example.eu,NULL,active,07/14/2028,03/11/2029,Europe/Copenhagen,fr-FR,0,966
user_9,account_35,Amelia Andersen,amelia.andersen@salesops.eu,sales_rep,active,01/26/2029,06/10/2029,Europe/Amsterdam,sv-SE,0,1057
user_10,account_26,Sara Pedersen,sara.pedersen@acme-eu.com,sales_rep,active,04/03/2028,04/04/2028,Europe/Copenhagen,de-DE,1,626
user_11,account_8,Ella Garcia,ella.garcia@midmarket.io,customer_success,active,01/25/2028,03/01/2028,Europe/Amsterdam,sv-SE,0,592
user_12,account_55,Ida Lopez,ida.lopez@midmarket.io,revops,active,01/12/2029,06/21/2029,Europe/London,en-GB,0,1068
user_13,account_3,Thea Dubois,thea.dubois@acme-eu.com,sales_rep,active,01/04/2029,11/23/2029,Europe/Stockholm,nb-NO,0,1223
user_14,account_28,Ethan Larsen,ethan.larsen@midmarket.io,sales_rep,active,01/05/2028,08/01/2028,Europe/Oslo,nb-NO,0,744
user_15,account_84,Oscar Johansson,oscar.johansson@example.eu,sales_manager,active,06/19/2026,10/25/2026,Europe/Stockholm,fr-FR,0,98
user_16,account_57,Elin Andersen,elin.andersen@nordicflow-customer.com,sales_manager,active,01/23/2026,03/12/2026,Europe/Stockholm,de-DE,0,-129
user_17,account_50,Mateo Lopez,mateo.lopez@example.eu,sales_rep,active,02/08/2029,11/20/2029,Europe/London,de-DE,0,1221
user_18,account_96,Adam Johansson,adam.johansson@nordicflow-customer.com,sales_rep,active,08/17/2029,12/31/2029,Europe/Paris,nb-NO,0,1261
user_19,account_114,Benjamin Olsen,benjamin.olsen@midmarket.io,sales_rep,active,10/14/2027,09/15/2028,Europe/Paris,fr-FR,0,789
user_20,account_17,Freja Schmidt,freja.schmidt@salesops.eu,customer_success,inactive,01/15/2026,03/14/2026,Europe/Paris,fr-FR,0,-127
user_21,account_113,Lucas Garcia,lucas.garcia@acme-eu.com,NULL,active,07/19/2029,12/27/2029,Europe/Paris,nl-NL,0,1257
user_22,account_113,Elias Eriksen,elias.eriksen@nordicflow-customer.com,admin,active,08/30/2026,01/16/2027,Europe/Paris,sv-SE,1,182
user_23,account_63,Mateo Garcia,mateo.garcia@nordicflow-customer.com,sales_rep,active,03/06/2027,03/28/2027,Europe/Copenhagen,nl-NL,0,253
user_24,account_72,Ali Andersen,ali.andersen@nordicflow-customer.com,customer_success,active,08/20/2026,05/26/2027,Europe/Amsterdam,da-DK,0,311
user_25,account_102,Noah Garcia,noah.garcia@salesops.eu,sales_rep,active,06/09/2026,12/08/2026,Europe/Amsterdam,de-DE,0,142
user_26,account_103,Nora Garcia,nora.garcia@example.eu,sales_rep,active,06/01/2027,12/28/2027,Europe/Amsterdam,en-GB,0,528
user_27,account_110,Victor Olsen,victor.olsen@acme-eu.com,revops,active,04/20/2027,08/14/2027,Europe/Oslo,en-GB,0,391
user_28,account_83,Isak Jensen,isak.jensen@midmarket.io,sales_rep,active,09/24/2029,12/22/2029,Europe/Copenhagen,nb-NO,0,1252
user_29,account_66,Ingrid Jensen,ingrid.jensen@midmarket.io,sales_rep,active,11/09/2027,11/10/2027,Europe/Amsterdam,fr-FR,0,479
user_30,account_86,Amelia Bernard,amelia.bernard@salesops.eu,sales_manager,active,10/30/2029,12/27/2029,Europe/London,de-DE,0,1257
user_31,account_49,Nora Bernard,nora.bernard@midmarket.io,sales_rep,active,01/01/2026,06/06/2026,Europe/Stockholm,de-DE,0,-43
user_32,account_66,Victor Brown,victor.brown@acme-eu.com,sales_manager,active,10/28/2028,09/18/2029,Europe/Copenhagen,nb-NO,0,1157
user_33,account_4,Noah Olsen,noah.olsen@example.eu,sales_manager,active,12/09/2027,07/09/2028,Europe/Paris,sv-SE,0,721
user_34,account_115,Oscar Taylor,oscar.taylor@example.eu,sales_rep,active,12/17/2028,09/08/2029,Europe/Oslo,fr-FR,0,1148
user_35,account_72,Mikkel Holm,mikkel.holm@example.eu,sales_manager,active,02/24/2028,09/29/2028,Europe/Berlin,sv-SE,0,804
user_36,account_99,Fatima Weber,fatima.weber@acme-eu.com,sales_rep,active,03/20/2027,07/19/2027,Europe/Copenhagen,da-DK,0,365
user_37,account_28,Lucas Nilsson,lucas.nilsson@example.eu,sales_rep,active,04/07/2026,07/22/2026,Europe/Berlin,nl-NL,0,3
user_38,account_1,Leo Lind,leo.lind@example.eu,admin,invited,10/13/2027,NULL,Europe/Paris,en-GB,1,NULL
user_39,account_35,Hanna Weber,hanna.weber@nordicflow-customer.com,sales_rep,active,05/24/2029,12/18/2029,Europe/Amsterdam,de-DE,0,1248
user_40,account_85,Emma Nielsen,emma.nielsen@example.eu,sales_rep,active,03/20/2026,07/31/2026,Europe/Copenhagen,sv-SE,0,12
user_41,account_54,Mateo Wilson,mateo.wilson@nordicflow-customer.com,sales_rep,active,03/22/2026,09/18/2026,Europe/London,nb-NO,0,61
user_42,account_3,Signe Larsen,signe.larsen@acme-eu.com,sales_rep,active,05/26/2028,09/14/2028,Europe/London,da-DK,0,789
user_43,account_105,Oliver Lind,oliver.lind@nordicflow-customer.com,sales_rep,inactive,06/13/2028,09/07/2028,Europe/Berlin,de-DE,0,781
user_44,account_90,Freja Thomas,FREJA.THOMAS@MIDMARKET.IO,revops,active,05/29/2028,06/19/2028,Europe/Paris,de-DE,0,701
user_45,account_14,Hanna Pedersen,hanna.pedersen@example.eu,sales_manager,active,02/13/2029,11/08/2029,Europe/Copenhagen,fr-FR,0,1209
user_46,account_35,Adam Thomas,adam.thomas@acme-eu.com,revops,active,10/01/2029,12/24/2029,Europe/Paris,fr-FR,0,1254
user_47,account_46,Mateo Holm,mateo.holm@salesops.eu,admin,active,03/06/2027,12/15/2027,Europe/Paris,sv-SE,1,514
user_48,account_89,Victor van Dijk,victor.van.dijk@example.eu,sales_rep,active,04/03/2027,07/25/2027,Europe/London,sv-SE,0,371
user_49,account_96,Elin Holm,elin.holm@salesops.eu,sales_manager,active,01/26/2027,05/24/2027,Europe/London,sv-SE,0,310
user_50,account_95,Victor Eriksen,victor.eriksen@midmarket.io,customer_success,active,03/16/2027,05/06/2027,Europe/Copenhagen,sv-SE,0,292
user_51,account_7,Elin Lind,elin.lind@acme-eu.com,sales_manager,active,06/09/2026,06/16/2026,Europe/Copenhagen,de-DE,0,-33
user_52,account_15,Lucas Jensen,lucas.jensen@example.eu,sales_rep,active,03/25/2026,06/10/2026,Europe/Amsterdam,fr-FR,0,-39
user_53,account_77,Signe Olsen,signe.olsen@midmarket.io,sales_rep,inactive,04/07/2027,07/26/2027,Europe/Paris,de-DE,0,373
user_54,account_27,Ida Eriksen,ida.eriksen@nordicflow-customer.com,sales_rep,active,04/27/2026,07/16/2026,Europe/Berlin,de-DE,0,-3
user_55,account_111,Lina Nielsen,lina.nielsen@acme-eu.com,customer_success,active,08/28/2028,06/26/2029,Europe/Amsterdam,sv-SE,0,1074
user_56,account_10,Sofia Berg,sofia.berg@salesops.eu,sales_rep,active,12/02/2029,12/30/2029,Europe/Berlin,en-GB,0,1260
user_57,account_77,Noah Garcia,noah.garcia@example.eu,sales_manager,active,02/10/2026,03/28/2026,Europe/London,nl-NL,0,-113
user_58,account_74,Noah Taylor,noah.taylor@acme-eu.com,sales_rep,active,11/24/2029,12/22/2029,Europe/Berlin,en-GB,0,1252
user_59,account_14,Oliver Holm,oliver.holm@example.eu,sales_manager,active,09/15/2027,06/22/2028,Europe/Berlin,nb-NO,0,704
user_60,account_1,Ethan Schmidt,ethan.schmidt@example.eu,sales_rep,active,08/25/2028,05/08/2029,Europe/Berlin,nl-NL,0,1024
user_61,account_63,Ingrid Hansen,ingrid.hansen@midmarket.io,revops,active,04/28/2027,02/04/2028,Europe/Paris,de-DE,0,566
user_62,account_107,Sara Weber,sara.weber@salesops.eu,sales_rep,active,07/20/2029,12/28/2029,Europe/Berlin,fr-FR,0,1258
user_63,account_9,Lea Taylor,lea.taylor@example.eu,sales_rep,active,02/20/2027,02/21/2027,Europe/London,da-DK,0,217
user_64,account_62,Leo Holm,leo.holm@midmarket.io,revops,active,12/20/2029,12/28/2029,Europe/Paris,de-DE,0,1258
user_65,account_104,Anton Jensen,anton.jensen@acme-eu.com,sales_rep,active,02/20/2028,12/18/2028,Europe/Amsterdam,nb-NO,0,884
user_66,account_53,Sara Nielsen,sara.nielsen@example.eu,revops,active,08/26/2028,08/15/2029,Europe/London,nb-NO,0,1124
user_67,account_92,Klara Thomas,klara.thomas@midmarket.io,sales_rep,active,09/07/2028,08/23/2029,Europe/Stockholm,en-GB,0,1132
user_68,account_22,Freja Garcia,freja.garcia@nordicflow-customer.com,sales_rep,active,04/01/2027,10/02/2027,Europe/Berlin,sv-SE,0,440
user_69,account_79,Anton Bernard,anton.bernard@acme-eu.com,NULL,active,12/27/2026,08/21/2027,Europe/Copenhagen,de-DE,0,398
user_70,account_21,Lucas Schmidt,lucas.schmidt@salesops.eu,customer_success,active,10/22/2027,10/09/2028,Europe/Berlin,nl-NL,0,813
user_71,account_46,Benjamin Lind,benjamin.lind@salesops.eu,sales_rep,active,09/07/2027,01/25/2028,Europe/Paris,nl-NL,0,556
user_72,account_116,Hugo Taylor,hugo.taylor@acme-eu.com,sales_manager,active,09/15/2028,12/22/2028,Europe/Copenhagen,en-GB,0,888
user_73,account_81,Noah Lind,noah.lind@example.eu,sales_rep,active,07/24/2026,09/08/2026,Europe/Copenhagen,en-GB,0,51
user_74,account_65,Lea Wilson,lea.wilson@acme-eu.com,sales_rep,active,01/19/2028,06/19/2028,Europe/Amsterdam,nb-NO,0,701
user_75,account_87,Amina Thomas,amina.thomas@midmarket.io,sales_rep,active,01/22/2026,06/07/2026,Europe/Oslo,de-DE,0,-42
user_76,account_48,Oscar de Vries,oscar.de.vries@acme-eu.com,sales_rep,active,05/22/2028,11/05/2028,Europe/Stockholm,en-GB,0,841
user_77,account_18,Noah Johansson,noah.johansson@salesops.eu,customer_success,active,12/31/2026,10/02/2027,Europe/Berlin,de-DE,0,441
user_78,account_94,Sara Garcia,sara.garcia@example.eu,sales_manager,active,08/14/2028,03/10/2029,Europe/Oslo,en-GB,0,966
user_79,account_88,Julie Dubois,julie.dubois@salesops.eu,sales_rep,active,07/09/2026,02/26/2027,Europe/London,sv-SE,0,223
user_80,account_17,Benjamin Svensson,benjamin.svensson@nordicflow-customer.com,revops,active,06/29/2028,10/18/2028,Europe/Copenhagen,nl-NL,0,822
user_81,account_103,Nora Andersen,nora.andersen@nordicflow-customer.com,sales_rep,active,05/09/2029,09/08/2029,Europe/Copenhagen,nb-NO,0,1147
user_82,account_61,Jonas Taylor,jonas.taylor@salesops.eu,sales_rep,active,02/22/2028,06/15/2028,Europe/Oslo,en-GB,0,697
user_83,account_8,Victor Thomas,victor.thomas@example.eu,sales_rep,active,01/11/2029,08/26/2029,Europe/Oslo,da-DK,0,1135
user_84,account_42,Anton Bernard,anton.bernard@midmarket.io,sales_rep,active,10/31/2027,12/21/2027,Europe/Oslo,nl-NL,0,520
user_85,account_114,Liam Nilsson,liam.nilsson@salesops.eu,revops,active,02/07/2029,03/27/2029,Europe/Berlin,da-DK,0,983
user_86,account_107,Maja Nielsen,maja.nielsen@example.eu,sales_rep,active,06/15/2029,08/20/2029,Europe/Oslo,fr-FR,0,1129
user_87,account_97,Hanna Thomas,hanna.thomas@nordicflow-customer.com,customer_success,active,07/01/2027,08/24/2027,Europe/Paris,sv-SE,0,401
user_88,account_15,Lea Martin,lea.martin@acme-eu.com,revops,active,04/07/2029,12/21/2029,Europe/London,fr-FR,1,1251
user_89,account_90,Freja Lopez,freja.lopez@salesops.eu,sales_rep,active,08/11/2026,05/28/2027,Europe/Berlin,nb-NO,0,313
user_90,account_54,Lina Holm,lina.holm@acme-eu.com,sales_rep,active,04/21/2029,12/30/2029,Europe/Oslo,sv-SE,0,1260
user_91,account_63,Mikkel Schmidt,mikkel.schmidt@example.eu,sales_rep,active,06/26/2026,12/20/2026,Europe/Oslo,da-DK,0,154
user_92,account_77,Sofia Hansen,sofia.hansen@acme-eu.com,sales_rep,active,08/02/2026,12/10/2026,Europe/Copenhagen,nb-NO,1,144
user_93,account_65,Elin Wilson,elin.wilson@salesops.eu,sales_rep,inactive,03/07/2026,05/01/2026,Europe/Oslo,de-DE,0,-78
user_94,account_54,Hugo Andersen,hugo.andersen@example.eu,sales_rep,active,05/29/2029,12/26/2029,Europe/Oslo,de-DE,0,1256
user_95,account_40,Amelia Olsen,amelia.olsen@salesops.eu,revops,active,09/10/2028,11/08/2028,Europe/Paris,sv-SE,0,843
user_96,account_31,Oscar Larsen,oscar.larsen@salesops.eu,sales_rep,active,03/26/2029,12/29/2029,Europe/Amsterdam,en-GB,0,1259
user_97,account_73,Signe Holm,signe.holm@salesops.eu,sales_rep,active,11/18/2027,10/07/2028,Europe/Amsterdam,da-DK,0,811
user_98,account_48,Hugo Nielsen,hugo.nielsen@nordicflow-customer.com,sales_manager,active,12/20/2027,10/13/2028,Europe/Amsterdam,en-GB,0,817
user_99,account_61,Isak Larsen,isak.larsen@nordicflow-customer.com,sales_rep,active,07/24/2029,12/23/2029,Europe/London,sv-SE,0,1253
user_100,account_47,Julie Lopez,julie.lopez@salesops.eu,sales_rep,active,11/20/2028,09/22/2029,Europe/Amsterdam,en-GB,0,1162
user_101,account_93,Mikkel Thomas,mikkel.thomas@acme-eu.com,sales_rep,active,08/08/2026,02/04/2027,Europe/London,en-GB,0,200
user_102,account_83,Amelia Wilson,amelia.wilson@acme-eu.com,sales_manager,active,02/21/2029,12/30/2029,Europe/London,en-GB,0,1260
user_103,account_99,Klara Svensson,klara.svensson@acme-eu.com,customer_success,active,04/05/2027,05/27/2027,Europe/Amsterdam,fr-FR,0,312
user_104,account_17,Mikkel Jensen,mikkel.jensen@acme-eu.com,sales_rep,active,04/12/2029,12/24/2029,Europe/Oslo,de-DE,0,1254
user_105,account_101,Jonas Olsen,jonas.olsen@midmarket.io,sales_rep,invited,05/03/2029,NULL,Europe/Berlin,nl-NL,0,NULL
user_106,account_100,Anton Müller,anton.muller@midmarket.io,sales_rep,active,11/07/2026,09/12/2027,Europe/Amsterdam,da-DK,0,420
user_107,account_67,Ingrid Lind,ingrid.lind@nordicflow-customer.com,revops,active,11/07/2029,12/25/2029,Europe/Oslo,sv-SE,0,1255
user_108,account_48,Ella Jensen,ella.jensen@nordicflow-customer.com,sales_rep,active,12/16/2029,12/26/2029,Europe/Amsterdam,sv-SE,0,1256
user_109,account_91,Victor Schmidt,victor.schmidt@midmarket.io,sales_rep,active,02/02/2027,05/23/2027,Europe/Paris,en-GB,0,309
user_110,account_31,Jakob van Dijk,jakob.van.dijk@midmarket.io,sales_rep,active,11/07/2029,12/23/2029,Europe/Oslo,en-GB,0,1253
user_111,account_31,Benjamin Nilsson,benjamin.nilsson@acme-eu.com,sales_manager,active,07/15/2027,08/18/2027,Europe/Paris,fr-FR,0,396
user_112,account_50,Julie Eriksen,julie.eriksen@nordicflow-customer.com,sales_rep,active,01/10/2027,12/13/2027,Europe/Oslo,nl-NL,0,512
user_113,account_83,Nora Wilson,nora.wilson@example.eu,customer_success,active,10/11/2026,12/19/2026,Europe/London,nl-NL,0,153
user_114,account_41,Freja Müller,freja.muller@example.eu,customer_success,active,01/29/2027,02/17/2027,Europe/Stockholm,da-DK,0,213
user_115,account_48,Hanna Garcia,hanna.garcia@example.eu,sales_manager,inactive,08/24/2027,10/06/2027,Europe/Stockholm,de-DE,0,444
user_116,account_55,Maja Nilsson,maja.nilsson@midmarket.io,customer_success,active,04/02/2027,09/13/2027,Europe/Oslo,da-DK,0,421
user_117,account_45,Jonas Johansson,jonas.johansson@salesops.eu,sales_manager,active,09/20/2028,10/19/2028,Europe/London,en-GB,0,823
user_118,account_109,Mikkel de Vries,mikkel.de.vries@example.eu,sales_rep,active,04/24/2029,12/26/2029,Europe/Berlin,fr-FR,0,1256
user_119,account_10,Benjamin Larsen,benjamin.larsen@midmarket.io,sales_rep,active,03/09/2027,07/15/2027,Europe/Oslo,en-GB,0,361
user_120,account_91,Jonas Svensson,jonas.svensson@midmarket.io,sales_rep,inactive,02/03/2028,02/28/2028,Europe/Oslo,sv-SE,0,589
user_121,account_88,Adam de Vries,adam.de.vries@salesops.eu,sales_manager,active,03/28/2027,08/28/2027,Europe/London,en-GB,0,405
user_122,account_26,Elias Olsen,elias.olsen@example.eu,sales_rep,active,07/28/2027,03/23/2028,Europe/Stockholm,fr-FR,0,614
user_123,account_53,Jakob Wilson,jakob.wilson@midmarket.io,sales_rep,invited,09/24/2028,NULL,Europe/Oslo,de-DE,0,NULL
user_124,account_76,Nora Taylor,nora.taylor@acme-eu.com,sales_rep,inactive,03/28/2026,07/12/2026,Europe/Oslo,fr-FR,0,-7
user_125,account_67,Hugo Thomas,hugo.thomas@nordicflow-customer.com,sales_rep,active,05/05/2028,09/22/2028,Europe/London,da-DK,0,797
user_126,account_22,Signe Smith,signe.smith@midmarket.io,sales_rep,inactive,03/05/2026,06/18/2026,Europe/Amsterdam,nb-NO,0,-30
user_127,account_74,Jakob Bernard,jakob.bernard@nordicflow-customer.com,sales_rep,active,03/26/2027,02/18/2028,Europe/Berlin,sv-SE,0,579
user_128,account_57,Jakob Weber,jakob.weber@example.eu,sales_rep,active,05/01/2027,10/12/2027,Europe/Berlin,sv-SE,0,450
user_129,account_58,Ella Larsen,ella.larsen@nordicflow-customer.com,sales_rep,inactive,09/04/2029,11/21/2029,Europe/Berlin,sv-SE,0,1221
user_130,account_25,Oliver Weber,oliver.weber@midmarket.io,sales_rep,inactive,02/12/2028,02/14/2028,Europe/Oslo,de-DE,0,575
user_131,account_64,Mikkel Garcia,mikkel.garcia@example.eu,sales_rep,active,06/16/2026,01/23/2027,Europe/Copenhagen,en-GB,0,188
user_132,account_47,Elin Lind,elin.lind@nordicflow-customer.com,sales_rep,active,05/04/2028,09/25/2028,Europe/London,fr-FR,0,799
user_133,account_47,Sara Svensson,sara.svensson@midmarket.io,sales_rep,active,03/12/2026,03/31/2026,Europe/London,da-DK,0,-110
user_134,account_120,Signe Holm,signe.holm@acme-eu.com,sales_rep,active,08/01/2029,12/26/2029,Europe/Paris,nl-NL,0,1256
user_135,account_43,Ingrid Nilsson,ingrid.nilsson@midmarket.io,sales_rep,inactive,09/16/2029,12/13/2029,Europe/London,nb-NO,0,1244
user_136,account_30,Sofia Martin,sofia.martin@example.eu,sales_rep,active,08/20/2028,03/02/2029,Europe/Amsterdam,en-GB,0,958
user_137,account_54,Sara Nilsson,sara.nilsson@acme-eu.com,sales_rep,active,11/30/2029,12/29/2029,Europe/Paris,sv-SE,0,1259
user_138,account_59,Ethan Holm,ethan.holm@midmarket.io,sales_rep,active,01/24/2029,12/27/2029,Europe/Paris,de-DE,0,1257
user_139,account_39,Hugo Bakker,hugo.bakker@acme-eu.com,sales_manager,active,01/16/2028,07/13/2028,Europe/Amsterdam,en-GB,0,725
user_140,account_105,Leo Taylor,leo.taylor@acme-eu.com,sales_rep,active,01/14/2029,02/23/2029,Europe/Berlin,en-GB,0,951
user_141,account_90,Lea Larsen,lea.larsen@nordicflow-customer.com,sales_manager,active,01/12/2027,02/07/2027,Europe/Paris,sv-SE,0,203
user_142,account_99,Elias Hansen,elias.hansen@midmarket.io,customer_success,active,10/11/2028,06/11/2029,Europe/London,sv-SE,0,1059
user_143,account_84,Benjamin Olsen,benjamin.olsen@midmarket.io,sales_manager,inactive,02/27/2026,06/23/2026,Europe/Stockholm,de-DE,0,-25
user_144,account_64,Nora Lopez,nora.lopez@salesops.eu,admin,active,06/01/2028,04/05/2029,Europe/Copenhagen,da-DK,1,991
user_145,account_18,Isak Schmidt,isak.schmidt@salesops.eu,sales_rep,active,09/10/2026,05/03/2027,Europe/Copenhagen,en-GB,0,288
user_146,account_23,Signe Thomas,SIGNE.THOMAS@EXAMPLE.EU,revops,active,05/15/2026,12/07/2026,Europe/Oslo,sv-SE,0,141
user_147,account_97,Lea Holm,lea.holm@salesops.eu,sales_rep,active,02/11/2027,01/11/2028,Europe/London,sv-SE,0,542
user_148,account_115,Freja Bakker,freja.bakker@nordicflow-customer.com,sales_manager,inactive,07/25/2027,10/11/2027,Europe/Stockholm,sv-SE,0,450
user_149,account_90,Elin Lopez,elin.lopez@example.eu,revops,active,07/06/2029,10/25/2029,Europe/London,nl-NL,0,1195
user_150,account_118,Benjamin Andersen,benjamin.andersen@nordicflow-customer.com,revops,inactive,11/11/2026,01/23/2027,Europe/Paris,sv-SE,0,188
user_151,account_63,Maja Garcia,maja.garcia@midmarket.io,sales_rep,active,07/24/2026,04/13/2027,Europe/Berlin,fr-FR,0,268
user_152,account_105,Ali Smith,ALI.SMITH@ACME-EU.COM,sales_rep,active,06/20/2027,06/12/2028,Europe/Paris,nb-NO,0,694
user_153,account_18,Jakob Pedersen,jakob.pedersen@example.eu,sales_rep,inactive,08/10/2027,09/27/2027,Europe/Oslo,en-GB,0,435
user_154,account_69,Amina Müller,amina.muller@acme-eu.com,sales_manager,active,01/06/2026,01/17/2026,Europe/Berlin,en-GB,0,-182
user_155,account_20,Lea Svensson,lea.svensson@nordicflow-customer.com,sales_rep,active,08/13/2028,08/21/2028,Europe/Stockholm,nb-NO,0,764
user_156,account_95,Noah Jensen,noah.jensen@example.eu,sales_rep,active,09/03/2029,10/01/2029,Europe/Paris,da-DK,0,1171
user_157,account_105,Adam Olsen,adam.olsen@salesops.eu,admin,invited,03/20/2028,NULL,Europe/Stockholm,de-DE,1,NULL
user_158,account_117,Nora van Dijk,nora.van.dijk@example.eu,sales_rep,active,06/20/2027,05/14/2028,Europe/Berlin,nl-NL,0,666
user_159,account_69,Victor Olsen,victor.olsen@acme-eu.com,sales_rep,active,06/05/2029,12/23/2029,Europe/Berlin,de-DE,0,1253
user_160,account_119,Jonas Thomas,jonas.thomas@salesops.eu,sales_rep,active,10/23/2026,11/19/2026,Europe/Berlin,en-GB,0,123
user_161,account_86,Elin Svensson,elin.svensson@example.eu,sales_rep,inactive,04/16/2027,08/10/2027,Europe/Oslo,sv-SE,0,388
user_162,account_32,Mikkel Bakker,mikkel.bakker@acme-eu.com,sales_rep,active,05/15/2027,10/07/2027,Europe/Berlin,fr-FR,0,445
user_163,account_103,Victor Taylor,victor.taylor@salesops.eu,NULL,active,10/06/2027,10/29/2027,Europe/Amsterdam,sv-SE,0,468
user_164,account_38,Sara Svensson,sara.svensson@salesops.eu,sales_rep,active,01/17/2027,09/30/2027,Europe/London,en-GB,0,438
user_165,account_59,Oliver Smith,oliver.smith@salesops.eu,sales_rep,active,01/29/2028,05/03/2028,Europe/London,nb-NO,0,654
user_166,account_1,Jakob Larsen,jakob.larsen@acme-eu.com,sales_rep,active,12/06/2026,08/22/2027,Europe/Copenhagen,nb-NO,0,399
user_167,account_1,Ethan Dubois,ethan.dubois@example.eu,sales_rep,active,03/03/2027,12/03/2027,Europe/Oslo,fr-FR,0,502
user_168,account_13,Fatima Larsen,fatima.larsen@acme-eu.com,sales_rep,active,06/20/2029,12/18/2029,Europe/Amsterdam,de-DE,0,1249
user_169,account_39,Maja van Dijk,maja.van.dijk@nordicflow-customer.com,sales_rep,active,05/08/2028,01/06/2029,Europe/London,nb-NO,0,902
user_170,account_110,Oscar Garcia,oscar.garcia@midmarket.io,customer_success,active,11/01/2029,12/24/2029,Europe/Copenhagen,nb-NO,0,1254
user_171,account_23,Adam Hansen,adam.hansen@acme-eu.com,sales_rep,active,01/12/2029,08/03/2029,Europe/Copenhagen,sv-SE,0,1111
user_172,account_50,Elias Brown,elias.brown@nordicflow-customer.com,sales_rep,invited,03/25/2026,NULL,Europe/Oslo,de-DE,0,NULL
user_173,account_100,Adam Hansen,adam.hansen@salesops.eu,revops,active,12/21/2026,06/22/2027,Europe/Berlin,de-DE,0,338
user_174,account_32,Lucas Nielsen,lucas.nielsen@salesops.eu,NULL,active,09/11/2028,11/29/2028,Europe/Copenhagen,da-DK,0,864
user_175,account_17,Maja Berg,maja.berg@example.eu,sales_rep,active,09/26/2027,11/17/2027,Europe/Oslo,da-DK,0,487
user_176,account_53,Anton Taylor,anton.taylor@nordicflow-customer.com,sales_manager,active,01/13/2027,11/01/2027,Europe/Stockholm,en-GB,0,471
user_177,account_56,Lea Nilsson,LEA.NILSSON@SALESOPS.EU,sales_rep,active,01/27/2027,06/02/2027,Europe/Berlin,fr-FR,0,319
user_178,account_80,Anton Brown,anton.brown@salesops.eu,sales_rep,active,07/03/2029,12/29/2029,Europe/Copenhagen,da-DK,0,1259
user_179,account_41,Hugo Smith,hugo.smith@example.eu,customer_success,active,05/22/2027,11/30/2027,Europe/Amsterdam,nl-NL,0,499
user_180,account_88,Elin Hansen,elin.hansen@example.eu,customer_success,active,05/24/2029,10/21/2029,Europe/Oslo,nl-NL,0,1190
user_181,account_33,Sara Bakker,sara.bakker@example.eu,revops,active,07/17/2028,03/20/2029,Europe/Berlin,fr-FR,0,975
user_182,account_47,Ethan Bernard,ethan.bernard@nordicflow-customer.com,sales_rep,active,10/29/2028,04/28/2029,Europe/London,fr-FR,0,1015
user_183,account_102,Hanna Andersen,hanna.andersen@nordicflow-customer.com,sales_rep,active,03/06/2029,11/26/2029,Europe/Paris,en-GB,0,1227
user_184,account_65,Sara Pedersen,sara.pedersen@nordicflow-customer.com,sales_rep,active,12/01/2029,12/29/2029,Europe/Copenhagen,da-DK,0,1259
user_185,account_93,Jonas Holm,jonas.holm@nordicflow-customer.com,sales_rep,active,06/28/2026,07/10/2026,Europe/London,nb-NO,0,-9
user_186,account_21,Amelia Dubois,amelia.dubois@example.eu,customer_success,active,09/22/2027,08/09/2028,Europe/Stockholm,en-GB,0,752
user_187,account_55,Anton Hansen,anton.hansen@acme-eu.com,sales_rep,active,06/10/2029,07/13/2029,Europe/Oslo,nl-NL,0,1090
user_188,account_111,Klara Müller,klara.muller@salesops.eu,sales_rep,active,06/30/2028,08/28/2028,Europe/Copenhagen,nl-NL,0,771
user_189,account_76,Maja de Vries,maja.de.vries@acme-eu.com,sales_rep,active,07/01/2026,10/03/2026,Europe/London,sv-SE,0,76
user_190,account_82,Ethan Bakker,ethan.bakker@acme-eu.com,sales_rep,active,08/06/2026,11/10/2026,Europe/Amsterdam,de-DE,0,114
user_191,account_50,Elin Müller,elin.muller@example.eu,sales_rep,active,01/08/2029,08/23/2029,Europe/Stockholm,nb-NO,0,1132
user_192,account_22,Lina Martin,lina.martin@example.eu,sales_rep,active,06/27/2026,11/12/2026,Europe/Amsterdam,da-DK,0,116
user_193,account_55,Oscar Smith,oscar.smith@acme-eu.com,sales_rep,invited,11/30/2027,NULL,Europe/Copenhagen,da-DK,0,NULL
user_194,account_27,Thea Bakker,thea.bakker@salesops.eu,admin,active,10/28/2027,01/21/2028,Europe/Stockholm,nl-NL,1,551
user_195,account_36,Mikkel Dubois,mikkel.dubois@acme-eu.com,sales_rep,active,03/26/2027,01/13/2028,Europe/Amsterdam,fr-FR,0,544
user_196,account_118,Sofia Eriksen,sofia.eriksen@acme-eu.com,sales_manager,active,08/16/2026,08/15/2027,Europe/Amsterdam,sv-SE,0,392
user_197,account_54,Anton Schmidt,anton.schmidt@nordicflow-customer.com,sales_manager,inactive,05/25/2026,07/15/2026,Europe/Paris,en-GB,0,-4
user_198,account_1,Maja Smith,maja.smith@example.eu,sales_manager,active,08/13/2029,09/15/2029,Europe/Berlin,sv-SE,0,1154
user_199,account_71,Benjamin Larsen,benjamin.larsen@midmarket.io,admin,active,10/21/2029,12/31/2029,Europe/Oslo,en-GB,1,1261
user_200,account_57,Lina Hansen,lina.hansen@example.eu,sales_rep,active,07/24/2026,06/22/2027,Europe/Stockholm,nl-NL,0,338
user_201,account_116,Oliver Johansson,oliver.johansson@example.eu,NULL,active,03/19/2029,07/16/2029,Europe/London,nb-NO,0,1094
user_202,account_88,Jonas Hansen,jonas.hansen@nordicflow-customer.com,sales_manager,active,08/29/2029,12/29/2029,Europe/Berlin,nb-NO,0,1259
user_203,account_39,Elias Jensen,elias.jensen@acme-eu.com,sales_manager,active,04/17/2026,01/14/2027,Europe/Oslo,fr-FR,0,179
user_204,account_53,Signe de Vries,signe.de.vries@example.eu,admin,active,06/06/2026,08/16/2026,Europe/Paris,en-GB,1,28
user_205,account_36,Maja Olsen,maja.olsen@midmarket.io,sales_manager,active,03/19/2027,03/06/2028,Europe/Amsterdam,nl-NL,0,596
user_206,account_38,Sofia Brown,sofia.brown@acme-eu.com,NULL,active,02/16/2028,01/07/2029,Europe/Oslo,fr-FR,0,904
user_207,account_108,Benjamin Nilsson,benjamin.nilsson@salesops.eu,sales_rep,active,01/02/2028,02/08/2028,Europe/Paris,nb-NO,1,570
user_208,account_37,Isak Taylor,isak.taylor@example.eu,sales_rep,active,09/22/2028,06/23/2029,Europe/Paris,sv-SE,0,1071
user_209,account_69,Adam Jensen,adam.jensen@midmarket.io,sales_manager,active,11/23/2028,10/19/2029,Europe/Copenhagen,en-GB,0,1188
user_210,account_15,Lina Bernard,lina.bernard@midmarket.io,NULL,active,10/19/2028,01/16/2029,Europe/Oslo,en-GB,0,912
user_211,account_106,Mateo Berg,mateo.berg@salesops.eu,sales_rep,active,02/22/2027,04/23/2027,Europe/Copenhagen,nl-NL,0,278
user_212,account_64,Lina Müller,lina.muller@salesops.eu,sales_rep,inactive,09/17/2026,11/03/2026,Europe/Stockholm,da-DK,0,107
user_213,account_1,Noah Thomas,noah.thomas@nordicflow-customer.com,sales_rep,active,08/18/2027,11/03/2027,Europe/Amsterdam,nb-NO,0,472
user_214,account_54,Adam Eriksen,adam.eriksen@nordicflow-customer.com,sales_rep,active,11/11/2028,12/08/2028,Europe/Stockholm,nl-NL,0,873
user_215,account_100,Freja Holm,freja.holm@nordicflow-customer.com,sales_rep,active,11/08/2026,04/07/2027,Europe/Amsterdam,da-DK,0,262
user_216,NULL,William Smith,william.smith@midmarket.io,revops,active,01/10/2026,08/07/2026,Europe/Stockholm,fr-FR,0,20
user_217,account_85,Anton Thomas,anton.thomas@salesops.eu,sales_rep,active,01/05/2027,08/08/2027,Europe/Oslo,sv-SE,0,385
user_218,account_90,Julie Schmidt,julie.schmidt@nordicflow-customer.com,sales_rep,active,09/16/2028,04/05/2029,Europe/Paris,fr-FR,0,992
user_219,account_119,Amina Bakker,amina.bakker@salesops.eu,sales_rep,active,04/27/2026,08/08/2026,Europe/Amsterdam,nl-NL,0,20
user_220,account_69,Leo Taylor,LEO.TAYLOR@ACME-EU.COM,sales_rep,active,08/17/2029,10/17/2029,Europe/Stockholm,nl-NL,0,1186
user_221,account_92,Ella Pedersen,ella.pedersen@example.eu,sales_rep,active,02/09/2027,05/09/2027,Europe/Berlin,nl-NL,0,294
user_222,account_18,Ingrid Hansen,ingrid.hansen@nordicflow-customer.com,revops,invited,07/23/2026,NULL,Europe/Stockholm,nl-NL,0,NULL
user_223,account_118,Lucas Hansen,lucas.hansen@nordicflow-customer.com,sales_rep,active,06/11/2029,08/15/2029,Europe/Amsterdam,nl-NL,0,1123
user_224,account_56,Amina Weber,amina.weber@nordicflow-customer.com,sales_rep,active,07/04/2027,10/22/2027,Europe/Copenhagen,da-DK,0,460
user_225,account_64,Jakob Garcia,jakob.garcia@midmarket.io,sales_rep,active,08/18/2027,10/28/2027,Europe/Stockholm,en-GB,0,466
user_226,account_49,Leo Weber,leo.weber@midmarket.io,revops,active,05/28/2028,02/10/2029,Europe/Berlin,da-DK,0,937
user_227,account_8,Victor Müller,victor.muller@salesops.eu,revops,invited,09/05/2026,NULL,Europe/Oslo,sv-SE,0,NULL
user_228,account_29,Benjamin Thomas,benjamin.thomas@example.eu,sales_rep,active,08/06/2029,11/02/2029,Europe/Stockholm,fr-FR,0,1202
user_229,NULL,Benjamin Martin,BENJAMIN.MARTIN@ACME-EU.COM,sales_rep,active,06/12/2029,12/27/2029,Europe/Stockholm,de-DE,0,1257
user_230,account_118,Signe Svensson,signe.svensson@acme-eu.com,sales_rep,active,05/31/2029,11/12/2029,Europe/Oslo,sv-SE,0,1212
user_231,account_10,Julie Bakker,julie.bakker@example.eu,sales_rep,active,05/17/2027,07/25/2027,Europe/London,de-DE,0,371
user_232,account_89,Signe Brown,signe.brown@salesops.eu,sales_rep,active,09/30/2026,04/11/2027,Europe/London,en-GB,0,267
user_233,account_73,Noah Berg,noah.berg@midmarket.io,sales_rep,active,08/07/2028,11/29/2028,Europe/Paris,nb-NO,0,864
user_234,account_22,Maja Wilson,maja.wilson@salesops.eu,sales_rep,active,01/23/2027,01/12/2028,Europe/Copenhagen,da-DK,0,543
user_235,account_22,Jakob Weber,jakob.weber@example.eu,sales_rep,active,07/11/2029,12/21/2029,Europe/Amsterdam,en-GB,0,1251
user_236,account_14,Lucas Holm,lucas.holm@acme-eu.com,admin,active,04/27/2026,02/01/2027,Europe/Copenhagen,fr-FR,1,197
user_237,account_84,Oliver Bernard,oliver.bernard@example.eu,sales_rep,active,11/16/2026,02/21/2027,Europe/London,fr-FR,0,218
user_238,account_7,Amina Martin,amina.martin@midmarket.io,revops,active,07/15/2027,07/17/2027,Europe/Oslo,da-DK,0,363
user_239,account_82,Hugo Nielsen,hugo.nielsen@example.eu,revops,active,09/10/2027,05/09/2028,Europe/London,da-DK,0,660
user_240,account_58,Noah Eriksen,noah.eriksen@example.eu,sales_rep,active,02/22/2027,12/07/2027,Europe/Stockholm,nl-NL,0,506
user_241,account_97,Thea Olsen,thea.olsen@midmarket.io,sales_rep,active,03/22/2028,10/23/2028,Europe/London,nl-NL,0,827
user_242,account_110,Noah Müller,noah.muller@midmarket.io,customer_success,active,11/18/2028,10/01/2029,Europe/Oslo,nl-NL,0,1171
user_243,account_6,Hanna Nielsen,hanna.nielsen@example.eu,sales_rep,active,08/18/2026,06/19/2027,Europe/Copenhagen,en-GB,0,335
user_244,account_36,Fatima Schmidt,fatima.schmidt@nordicflow-customer.com,revops,active,03/22/2028,10/22/2028,Europe/Berlin,sv-SE,0,827
user_245,account_73,Oscar Brown,oscar.brown@salesops.eu,admin,inactive,09/25/2029,11/16/2029,Europe/Copenhagen,de-DE,1,1217
user_246,account_52,Sara Bernard,SARA.BERNARD@MIDMARKET.IO,sales_manager,active,09/07/2027,02/24/2028,Europe/Stockholm,nb-NO,0,586
user_247,account_108,Klara Thomas,klara.thomas@nordicflow-customer.com,customer_success,active,04/12/2027,11/25/2027,Europe/Copenhagen,en-GB,0,494
user_248,account_95,Klara Taylor,klara.taylor@midmarket.io,admin,active,03/11/2028,05/31/2028,Europe/Copenhagen,en-GB,1,682
user_249,account_4,Nora Svensson,nora.svensson@acme-eu.com,revops,active,12/11/2027,01/05/2028,Europe/London,sv-SE,0,535
user_250,account_4,Ella Pedersen,ella.pedersen@example.eu,sales_rep,active,09/14/2029,12/23/2029,Europe/Copenhagen,da-DK,0,1253
user_251,account_50,Sofia Berg,sofia.berg@midmarket.io,revops,active,12/10/2026,11/07/2027,Europe/London,sv-SE,0,476
user_252,account_2,Victor Lopez,victor.lopez@acme-eu.com,sales_manager,active,01/14/2026,05/08/2026,Europe/Paris,nl-NL,0,-72
user_253,account_110,Leo Schmidt,leo.schmidt@salesops.eu,sales_rep,active,03/19/2028,02/02/2029,Europe/Paris,nb-NO,1,929
user_254,account_77,Mikkel Lind,mikkel.lind@salesops.eu,sales_manager,active,06/07/2027,10/27/2027,Europe/Copenhagen,nl-NL,0,465
user_255,account_67,Ella Garcia,ella.garcia@nordicflow-customer.com,revops,active,07/21/2028,02/13/2029,Europe/Copenhagen,en-GB,0,940
user_256,account_52,Anton Smith,anton.smith@nordicflow-customer.com,sales_rep,invited,06/21/2029,NULL,Europe/Stockholm,da-DK,0,NULL
user_257,account_86,Leo Müller,leo.muller@salesops.eu,revops,active,09/23/2029,12/27/2029,Europe/Oslo,de-DE,0,1257
user_258,account_88,Amelia van Dijk,amelia.van.dijk@nordicflow-customer.com,sales_rep,active,09/15/2029,12/26/2029,Europe/Copenhagen,da-DK,0,1256
user_259,account_75,Signe Nielsen,signe.nielsen@example.eu,admin,active,09/09/2029,12/23/2029,Europe/Copenhagen,de-DE,1,1253
user_260,account_53,Benjamin Garcia,benjamin.garcia@example.eu,sales_rep,inactive,10/08/2026,01/15/2027,Europe/Oslo,de-DE,0,180
user_261,account_27,Oliver Martin,oliver.martin@acme-eu.com,sales_rep,active,05/17/2026,07/23/2026,Europe/Berlin,en-GB,0,4
user_262,account_2,Adam Taylor,adam.taylor@midmarket.io,sales_rep,active,08/31/2028,01/05/2029,Europe/London,da-DK,0,902
user_263,account_6,Freja Lind,freja.lind@example.eu,sales_manager,active,06/09/2027,01/18/2028,Europe/Stockholm,da-DK,0,549
user_264,account_104,Amina Hansen,amina.hansen@acme-eu.com,sales_rep,invited,11/25/2026,NULL,Europe/London,nb-NO,0,NULL
user_265,account_113,Mateo Taylor,mateo.taylor@midmarket.io,sales_manager,active,03/16/2026,02/17/2027,Europe/London,nl-NL,1,213
user_266,account_61,Sara Svensson,sara.svensson@nordicflow-customer.com,sales_rep,active,10/26/2028,07/19/2029,Europe/Paris,fr-FR,0,1096
user_267,account_37,Ingrid Brown,ingrid.brown@nordicflow-customer.com,sales_rep,active,04/23/2029,09/05/2029,Europe/Stockholm,da-DK,0,1144
user_268,account_120,Victor Holm,victor.holm@acme-eu.com,sales_rep,active,11/09/2029,12/21/2029,Europe/Berlin,sv-SE,0,1251
user_269,account_83,Liam Schmidt,liam.schmidt@salesops.eu,sales_rep,active,06/17/2029,09/14/2029,Europe/Amsterdam,da-DK,0,1153
user_270,account_114,Noah Hansen,noah.hansen@acme-eu.com,sales_manager,active,07/10/2027,02/20/2028,Europe/Copenhagen,en-GB,0,581
user_271,account_35,Anton Bakker,anton.bakker@example.eu,revops,active,05/22/2029,08/16/2029,Europe/Stockholm,en-GB,0,1124
user_272,account_62,Benjamin de Vries,benjamin.de.vries@example.eu,sales_rep,active,07/12/2027,05/20/2028,Europe/Amsterdam,en-GB,0,671
user_273,account_114,Jakob Schmidt,jakob.schmidt@nordicflow-customer.com,sales_rep,active,01/20/2026,01/16/2027,Europe/Paris,nl-NL,0,181
user_274,account_67,Fatima Bakker,fatima.bakker@midmarket.io,sales_rep,active,01/22/2027,09/25/2027,Europe/London,en-GB,0,433
user_275,account_2,Oliver Müller,oliver.muller@example.eu,admin,inactive,04/27/2026,08/01/2026,Europe/Berlin,da-DK,1,13
user_276,account_83,Anton Jensen,anton.jensen@acme-eu.com,sales_rep,active,06/09/2028,01/24/2029,Europe/Amsterdam,de-DE,0,920
user_277,account_53,Noah Dubois,noah.dubois@midmarket.io,sales_rep,active,07/27/2028,06/09/2029,Europe/Copenhagen,fr-FR,0,1056
user_278,account_105,Liam Thomas,LIAM.THOMAS@EXAMPLE.EU,sales_rep,active,07/20/2028,03/20/2029,Europe/Copenhagen,en-GB,0,976
user_279,account_103,Hugo Dubois,hugo.dubois@midmarket.io,sales_rep,active,10/25/2029,12/29/2029,Europe/Amsterdam,en-GB,0,1259
user_280,account_110,Amina Svensson,amina.svensson@example.eu,revops,active,06/09/2027,08/04/2027,Europe/Oslo,en-GB,0,381
user_281,account_65,Elias Weber,elias.weber@nordicflow-customer.com,sales_rep,active,12/23/2029,12/24/2029,Europe/Paris,nl-NL,0,1254
user_282,account_50,Mikkel Bernard,mikkel.bernard@salesops.eu,sales_rep,active,08/04/2028,07/24/2029,Europe/Copenhagen,de-DE,0,1101
user_283,account_90,Isak Lind,isak.lind@midmarket.io,admin,active,12/24/2029,12/28/2029,Europe/Stockholm,sv-SE,1,1258
user_284,account_91,Nora Müller,nora.muller@midmarket.io,sales_manager,active,06/29/2026,12/27/2026,Europe/Berlin,fr-FR,0,161
user_285,account_37,Hanna Brown,hanna.brown@nordicflow-customer.com,sales_rep,active,08/14/2026,09/11/2026,Europe/Oslo,sv-SE,0,55
user_286,account_8,Hugo Svensson,hugo.svensson@midmarket.io,sales_rep,active,06/09/2026,04/21/2027,Europe/London,fr-FR,0,276
user_287,account_103,Hugo Bakker,hugo.bakker@nordicflow-customer.com,customer_success,active,05/09/2029,12/23/2029,Europe/Oslo,nb-NO,0,1253
user_288,account_29,Julie Taylor,julie.taylor@midmarket.io,sales_rep,active,04/20/2029,07/29/2029,Europe/Berlin,sv-SE,0,1106
user_289,account_6,Hanna Eriksen,hanna.eriksen@midmarket.io,sales_rep,active,08/07/2029,12/15/2029,Europe/Copenhagen,de-DE,0,1245
user_290,account_120,Signe Wilson,signe.wilson@salesops.eu,sales_rep,active,07/11/2027,08/17/2027,Europe/Paris,sv-SE,0,395
user_291,account_52,Maja Pedersen,maja.pedersen@acme-eu.com,admin,active,05/30/2027,11/30/2027,Europe/Stockholm,nl-NL,1,500
user_292,account_84,Ali Andersen,ali.andersen@salesops.eu,sales_rep,inactive,08/11/2028,12/06/2028,Europe/Paris,sv-SE,0,871
user_293,account_50,Mateo Dubois,mateo.dubois@salesops.eu,sales_rep,active,04/11/2029,10/20/2029,Europe/Amsterdam,fr-FR,0,1189
user_294,account_13,Oliver Taylor,oliver.taylor@midmarket.io,sales_rep,active,11/24/2026,11/03/2027,Europe/Amsterdam,sv-SE,0,472
user_295,account_95,Hanna van Dijk,hanna.van.dijk@nordicflow-customer.com,sales_manager,active,12/15/2027,06/01/2028,Europe/Oslo,nb-NO,0,683
user_296,account_34,Jakob Jensen,jakob.jensen@example.eu,sales_manager,active,01/27/2026,08/15/2026,Europe/Oslo,fr-FR,1,27
user_297,account_109,Lucas Pedersen,lucas.pedersen@midmarket.io,sales_rep,active,04/14/2027,02/18/2028,Europe/Copenhagen,nl-NL,0,579
user_298,account_18,Amina Brown,AMINA.BROWN@MIDMARKET.IO,sales_rep,active,04/09/2027,03/20/2028,Europe/Copenhagen,nb-NO,0,611
user_299,account_11,Freja Svensson,freja.svensson@salesops.eu,sales_rep,inactive,08/15/2029,10/19/2029,Europe/Stockholm,sv-SE,0,1188
user_300,account_73,Sofia Thomas,sofia.thomas@midmarket.io,sales_rep,active,03/28/2027,03/05/2028,Europe/Copenhagen,nb-NO,0,595
user_301,account_31,Oscar Lind,oscar.lind@midmarket.io,sales_rep,active,01/25/2028,09/12/2028,Europe/Paris,en-GB,0,786
user_302,account_55,Oliver Hansen,oliver.hansen@salesops.eu,sales_rep,active,02/23/2029,12/27/2029,Europe/Amsterdam,da-DK,0,1257
user_303,account_40,Klara Dubois,klara.dubois@nordicflow-customer.com,sales_rep,active,07/31/2029,12/21/2029,Europe/Paris,sv-SE,0,1252
user_304,account_65,Emma Wilson,emma.wilson@midmarket.io,sales_rep,active,11/27/2026,12/16/2026,Europe/Copenhagen,fr-FR,0,150
user_305,account_115,Thea Smith,thea.smith@salesops.eu,sales_rep,active,05/21/2026,12/11/2026,Europe/Paris,nb-NO,0,145
user_306,account_66,Elias Schmidt,elias.schmidt@acme-eu.com,sales_rep,inactive,10/21/2028,02/09/2029,Europe/Stockholm,en-GB,0,936
user_307,account_34,Julie Olsen,julie.olsen@nordicflow-customer.com,sales_manager,active,05/14/2029,11/15/2029,Europe/Berlin,de-DE,0,1215
user_308,account_82,Lea Wilson,lea.wilson@salesops.eu,sales_rep,active,08/09/2027,07/08/2028,Europe/Copenhagen,fr-FR,0,720
user_309,account_67,Amina Pedersen,amina.pedersen@salesops.eu,sales_rep,active,07/27/2028,07/31/2028,Europe/Stockholm,de-DE,0,743
user_310,account_47,Mikkel Bakker,mikkel.bakker@nordicflow-customer.com,sales_manager,active,05/28/2027,07/26/2027,Europe/London,de-DE,0,372
user_311,account_17,Benjamin Martin,benjamin.martin@acme-eu.com,sales_rep,active,10/15/2029,12/31/2029,Europe/Stockholm,da-DK,0,1261
user_312,account_113,Hugo Nielsen,hugo.nielsen@acme-eu.com,sales_rep,invited,09/09/2029,NULL,Europe/Berlin,sv-SE,0,NULL
user_313,account_80,Isak Eriksen,isak.eriksen@acme-eu.com,sales_manager,active,12/06/2027,10/07/2028,Europe/Oslo,sv-SE,0,811
user_315,account_100,Hanna Müller,hanna.muller@example.eu,sales_rep,active,04/03/2028,11/08/2028,Europe/Amsterdam,de-DE,0,843
user_316,account_90,Benjamin Andersen,benjamin.andersen@example.eu,sales_rep,active,12/28/2026,02/08/2027,Europe/Paris,fr-FR,0,204
user_317,account_16,Fatima Hansen,fatima.hansen@example.eu,sales_manager,active,05/06/2027,12/02/2027,Europe/Oslo,sv-SE,0,501
user_318,account_79,Lea de Vries,lea.de.vries@example.eu,revops,active,05/02/2029,12/29/2029,Europe/Copenhagen,fr-FR,0,1259
user_319,account_95,Elias Thomas,elias.thomas@nordicflow-customer.com,sales_manager,active,12/22/2028,03/14/2029,Europe/Stockholm,fr-FR,0,969
user_320,account_21,Anton van Dijk,anton.van.dijk@nordicflow-customer.com,revops,active,01/03/2028,11/06/2028,Europe/Oslo,nb-NO,0,841
user_321,account_52,Signe van Dijk,signe.van.dijk@midmarket.io,sales_rep,invited,03/31/2026,NULL,Europe/Amsterdam,nl-NL,0,NULL
user_322,account_66,Fatima Bakker,fatima.bakker@acme-eu.com,sales_manager,active,07/13/2027,11/13/2027,Europe/Oslo,sv-SE,0,483
user_323,account_26,Fatima Hansen,fatima.hansen@nordicflow-customer.com,customer_success,active,02/02/2029,11/15/2029,Europe/Copenhagen,da-DK,0,1216
user_324,account_74,Ali Eriksen,ali.eriksen@acme-eu.com,sales_rep,active,04/23/2026,01/05/2027,Europe/Copenhagen,nb-NO,0,171
user_325,account_89,Jonas Jensen,jonas.jensen@midmarket.io,sales_rep,active,06/12/2027,02/02/2028,Europe/Berlin,fr-FR,0,563
user_326,account_29,Liam Brown,liam.brown@salesops.eu,sales_rep,active,04/12/2028,04/17/2028,Europe/Amsterdam,da-DK,0,638
user_327,account_120,Nora Weber,nora.weber@salesops.eu,sales_rep,inactive,02/22/2027,03/17/2027,Europe/London,en-GB,0,242
user_328,account_34,Ida Olsen,ida.olsen@acme-eu.com,revops,active,07/08/2027,09/25/2027,Europe/Oslo,nb-NO,0,433
user_329,account_6,Victor Pedersen,victor.pedersen@midmarket.io,sales_rep,inactive,09/30/2029,NULL,Europe/Paris,nl-NL,0,NULL
user_330,account_97,Benjamin Larsen,benjamin.larsen@nordicflow-customer.com,sales_rep,active,12/30/2029,12/23/2029,Europe/Copenhagen,de-DE,0,1253
user_331,account_41,Ali Hansen,ali.hansen@acme-eu.com,sales_rep,active,07/16/2027,05/25/2028,Europe/Stockholm,fr-FR,0,676
user_332,account_55,Ida Nilsson,ida.nilsson@salesops.eu,sales_rep,active,12/02/2027,03/03/2028,Europe/Stockholm,fr-FR,0,594
user_333,account_110,Anton Svensson,anton.svensson@acme-eu.com,revops,active,01/05/2028,01/10/2028,Europe/Berlin,de-DE,0,540
user_334,account_63,Freja Eriksen,freja.eriksen@midmarket.io,admin,active,06/03/2026,05/22/2027,Europe/Oslo,sv-SE,1,308
user_335,account_43,Mateo Pedersen,mateo.pedersen@salesops.eu,sales_rep,inactive,02/05/2027,03/21/2027,Europe/Oslo,de-DE,0,245
user_336,account_84,Ethan Berg,ethan.berg@salesops.eu,sales_rep,active,01/28/2028,09/12/2028,Europe/Berlin,fr-FR,0,786
user_337,account_44,Jakob van Dijk,jakob.van.dijk@midmarket.io,sales_rep,active,04/21/2026,06/01/2026,Europe/Copenhagen,sv-SE,0,-48
user_338,account_114,Jonas Taylor,jonas.taylor@salesops.eu,sales_manager,active,12/01/2027,06/29/2028,Europe/Stockholm,nl-NL,1,712
user_339,account_11,Ida Berg,ida.berg@example.eu,sales_rep,active,09/26/2029,12/31/2029,Europe/Oslo,nl-NL,0,1261
user_340,account_84,Anton Lind,anton.lind@acme-eu.com,sales_rep,active,08/31/2028,11/03/2028,Europe/Paris,nl-NL,0,838
user_341,account_60,Ethan Lopez,ethan.lopez@salesops.eu,sales_rep,active,12/19/2028,09/21/2029,Europe/Paris,fr-FR,0,1161
user_342,account_69,Freja Lopez,freja.lopez@salesops.eu,sales_rep,active,05/20/2026,01/01/2027,Europe/Copenhagen,de-DE,0,166
user_343,account_2,Klara Taylor,klara.taylor@example.eu,sales_rep,active,05/24/2029,10/21/2029,Europe/Stockholm,nl-NL,1,1190
user_344,account_21,Anton Wilson,anton.wilson@example.eu,sales_rep,active,08/29/2028,12/30/2028,Europe/Amsterdam,nl-NL,0,895
user_345,account_104,Lea Nilsson,lea.nilsson@acme-eu.com,admin,active,03/26/2027,05/22/2027,Europe/Berlin,fr-FR,1,308
user_346,account_20,Sofia Dubois,sofia.dubois@nordicflow-customer.com,sales_rep,active,02/23/2027,04/28/2027,Europe/London,nb-NO,0,284
user_347,account_103,Klara Pedersen,klara.pedersen@example.eu,sales_manager,active,05/05/2026,07/18/2026,Europe/Copenhagen,nl-NL,0,0
user_348,account_49,Ali Andersen,ali.andersen@acme-eu.com,sales_rep,invited,01/19/2027,NULL,Europe/London,nb-NO,0,NULL
user_349,account_50,Freja Lopez,freja.lopez@salesops.eu,sales_rep,active,03/02/2029,12/09/2029,Europe/Oslo,da-DK,0,1239
user_350,account_15,Ella van Dijk,ella.van.dijk@example.eu,sales_rep,active,03/05/2027,12/30/2027,Europe/Berlin,nl-NL,0,529
user_351,account_20,Julie Taylor,julie.taylor@nordicflow-customer.com,sales_rep,active,12/01/2028,10/14/2029,Europe/Amsterdam,en-GB,0,1183
user_352,account_63,Liam Holm,liam.holm@midmarket.io,revops,active,06/05/2029,12/31/2029,Europe/London,de-DE,0,1261
user_353,account_38,Ethan Bakker,ethan.bakker@example.eu,sales_rep,active,06/25/2027,12/07/2027,Europe/Copenhagen,nl-NL,0,507
user_354,account_38,Mateo Dubois,mateo.dubois@salesops.eu,sales_rep,active,02/25/2028,09/07/2028,Europe/Oslo,fr-FR,0,781
user_355,account_69,Anton Svensson,anton.svensson@midmarket.io,sales_manager,active,08/28/2026,07/07/2027,Europe/Copenhagen,de-DE,0,354
user_356,account_17,Nora Thomas,nora.thomas@nordicflow-customer.com,sales_rep,active,06/03/2026,06/20/2026,Europe/London,nl-NL,0,-29
user_357,account_29,Mikkel Bakker,mikkel.bakker@nordicflow-customer.com,sales_rep,inactive,10/15/2028,12/16/2028,Europe/Amsterdam,nb-NO,0,881
user_358,account_106,Julie Brown,julie.brown@nordicflow-customer.com,revops,active,03/05/2026,04/10/2026,Europe/Oslo,sv-SE,0,-100
user_359,account_68,Ella Martin,ella.martin@acme-eu.com,sales_rep,active,03/05/2029,04/28/2029,Europe/Paris,da-DK,0,1015
user_360,account_71,Amina Müller,amina.muller@salesops.eu,sales_manager,active,07/20/2028,03/04/2029,Europe/Copenhagen,fr-FR,0,959
user_361,account_93,Adam Bernard,adam.bernard@acme-eu.com,NULL,active,04/04/2029,12/26/2029,Europe/Berlin,de-DE,0,1256
user_362,account_18,Freja Hansen,freja.hansen@salesops.eu,customer_success,active,05/05/2027,05/17/2027,Europe/Amsterdam,da-DK,0,302
user_363,account_59,Leo Larsen,leo.larsen@acme-eu.com,sales_rep,inactive,01/24/2027,02/22/2027,Europe/Copenhagen,nl-NL,0,218
user_364,account_42,Victor Berg,victor.berg@example.eu,revops,active,06/14/2028,08/01/2028,Europe/London,da-DK,0,745
user_365,account_43,Leo Garcia,leo.garcia@example.eu,sales_rep,inactive,09/13/2029,12/20/2029,Europe/Stockholm,en-GB,0,1250
user_366,account_41,Ethan Martin,ethan.martin@acme-eu.com,sales_rep,active,08/26/2026,09/21/2026,Europe/London,de-DE,0,65
user_367,account_101,Amina Larsen,amina.larsen@acme-eu.com,sales_rep,active,03/03/2029,03/29/2029,Europe/Berlin,da-DK,0,984
user_368,account_72,William Weber,william.weber@example.eu,sales_manager,active,08/14/2028,05/10/2029,Europe/Stockholm,nb-NO,0,1026
user_369,account_53,Hanna Pedersen,hanna.pedersen@salesops.eu,sales_rep,active,10/15/2028,10/27/2028,Europe/Stockholm,da-DK,0,831
user_370,account_105,Liam Svensson,liam.svensson@salesops.eu,sales_rep,active,05/14/2026,07/10/2026,Europe/Stockholm,fr-FR,0,-9
user_371,account_61,Emma Holm,emma.holm@acme-eu.com,sales_manager,active,04/28/2028,01/21/2029,Europe/Paris,de-DE,0,917
user_372,account_116,Fatima Johansson,fatima.johansson@salesops.eu,NULL,active,05/10/2029,12/27/2029,Europe/Oslo,de-DE,0,1257
user_373,account_85,Julie Thomas,julie.thomas@nordicflow-customer.com,sales_rep,inactive,10/05/2028,11/23/2028,Europe/Stockholm,de-DE,0,859
user_374,account_12,Nora Svensson,NORA.SVENSSON@MIDMARKET.IO,customer_success,active,01/11/2029,01/22/2029,Europe/Stockholm,fr-FR,0,919
user_375,account_39,Ella Müller,ella.muller@salesops.eu,revops,active,09/26/2029,12/23/2029,Europe/Copenhagen,sv-SE,0,1253
user_376,account_87,Signe Thomas,signe.thomas@acme-eu.com,sales_rep,active,10/25/2027,04/02/2028,Europe/Copenhagen,de-DE,0,623
user_377,account_111,Elias Lind,elias.lind@midmarket.io,customer_success,active,11/13/2029,12/22/2029,Europe/Stockholm,da-DK,0,1252
user_378,account_19,Emma Taylor,emma.taylor@salesops.eu,admin,active,10/01/2027,03/05/2028,Europe/London,nl-NL,1,595
user_379,account_14,Elias Berg,elias.berg@nordicflow-customer.com,revops,active,02/19/2027,12/27/2027,Europe/Paris,sv-SE,0,526
user_380,account_18,Isak Thomas,isak.thomas@midmarket.io,sales_rep,active,10/13/2026,04/30/2027,Europe/Berlin,sv-SE,0,285
user_381,account_53,Liam Smith,liam.smith@acme-eu.com,revops,active,12/11/2029,12/24/2029,Europe/London,da-DK,0,1254
user_382,account_106,Anton Smith,anton.smith@salesops.eu,sales_rep,inactive,06/07/2028,08/22/2028,Europe/Paris,fr-FR,0,765
user_383,account_113,Noah Garcia,noah.garcia@acme-eu.com,sales_rep,active,02/16/2029,03/08/2029,Europe/Berlin,fr-FR,0,964
user_384,account_100,Hugo Schmidt,hugo.schmidt@acme-eu.com,sales_rep,active,03/26/2026,03/15/2027,Europe/Stockholm,de-DE,0,239
user_385,account_115,Ethan Larsen,ethan.larsen@example.eu,sales_rep,active,10/05/2026,05/26/2027,Europe/London,sv-SE,0,312
user_386,account_21,Ingrid Nielsen,ingrid.nielsen@nordicflow-customer.com,sales_manager,active,05/13/2026,02/06/2027,Europe/London,nl-NL,0,202
user_387,account_22,Amelia Martin,amelia.martin@acme-eu.com,sales_rep,active,04/09/2029,12/25/2029,Europe/Copenhagen,da-DK,0,1255
user_388,account_26,Ali Bernard,ali.bernard@salesops.eu,sales_rep,active,02/14/2028,11/18/2028,Europe/Paris,de-DE,0,853
user_389,account_77,Ali Olsen,ALI.OLSEN@MIDMARKET.IO,sales_rep,active,06/28/2029,10/12/2029,Europe/Stockholm,sv-SE,0,1181
user_390,account_12,Sofia Andersen,sofia.andersen@example.eu,customer_success,active,03/18/2027,01/25/2028,Europe/London,en-GB,0,556
user_391,account_120,Noah Nielsen,noah.nielsen@salesops.eu,sales_rep,inactive,06/28/2029,07/06/2029,Europe/Amsterdam,de-DE,0,1083
user_392,account_43,Fatima Nilsson,fatima.nilsson@midmarket.io,sales_rep,active,04/01/2026,05/27/2026,Europe/London,en-GB,0,-53
user_393,account_91,Hugo Nilsson,hugo.nilsson@midmarket.io,revops,active,06/12/2028,04/27/2029,Europe/Stockholm,fr-FR,0,1014
user_394,account_79,Liam Bakker,liam.bakker@salesops.eu,customer_success,active,02/07/2026,10/04/2026,Europe/Amsterdam,nb-NO,0,77
user_395,account_45,Elin Brown,elin.brown@acme-eu.com,sales_rep,active,03/14/2027,07/22/2027,Europe/Copenhagen,da-DK,0,368
user_396,account_79,Emma Wilson,emma.wilson@acme-eu.com,sales_rep,active,12/03/2029,12/24/2029,Europe/Amsterdam,nb-NO,0,1254
user_397,account_43,Lina Brown,lina.brown@example.eu,customer_success,active,03/20/2028,08/21/2028,Europe/London,en-GB,0,764
user_398,account_114,Leo Nielsen,leo.nielsen@acme-eu.com,sales_rep,active,08/06/2027,06/22/2028,Europe/Amsterdam,sv-SE,0,704
user_399,account_91,Adam Bakker,adam.bakker@nordicflow-customer.com,sales_rep,active,09/24/2029,12/24/2029,Europe/Amsterdam,da-DK,0,1254
user_400,account_117,Maja Schmidt,maja.schmidt@midmarket.io,sales_rep,active,02/16/2028,05/05/2028,Europe/Copenhagen,de-DE,0,656
